full_name,stars,forks,language,description,topics,updated_at,license,html_url,matched_queries_count,llm_analysis,is_relevant,reason
infiniflow/ragflow,69534,7542,Python,RAGFlow is a leading open-source Retrieval-Augmented Generation (RAG) engine that fuses cutting-edge RAG with Agent capabilities to create a superior context layer for LLMs,"agent, agentic, agentic-ai, agentic-workflow, ai, ai-search, deep-learning, deep-research, deepseek, deepseek-r1, document-parser, document-understanding, graphrag, llm, mcp, multi-agent, ollama, openai, rag, retrieval-augmented-generation",2025-12-11T18:36:10Z,Apache-2.0,https://github.com/infiniflow/ragflow,3,"{'is_relevant': True, 'reason': 'RAGFlow specifically implements a Retrieval-Augmented Generation engine that includes agent capabilities, indicating a focus on multi-agent interactions, and it leverages LLMs within this context.'}",True,"RAGFlow specifically implements a Retrieval-Augmented Generation engine that includes agent capabilities, indicating a focus on multi-agent interactions, and it leverages LLMs within this context."
zhayujie/chatgpt-on-wechat,40047,9552,Python,Âü∫‰∫éÂ§ßÊ®°ÂûãÊê≠Âª∫ÁöÑËÅäÂ§©Êú∫Âô®‰∫∫ÔºåÂêåÊó∂ÊîØÊåÅ ÂæÆ‰ø°ÂÖ¨‰ºóÂè∑„ÄÅ‰ºÅ‰∏öÂæÆ‰ø°Â∫îÁî®„ÄÅÈ£û‰π¶„ÄÅÈíâÈíâ Á≠âÊé•ÂÖ•ÔºåÂèØÈÄâÊã©ChatGPT/Claude/DeepSeek/ÊñáÂøÉ‰∏ÄË®Ä/ËÆØÈ£ûÊòüÁÅ´/ÈÄö‰πâÂçÉÈóÆ/ Gemini/GLM-4/Kimi/LinkAIÔºåËÉΩÂ§ÑÁêÜÊñáÊú¨„ÄÅËØ≠Èü≥ÂíåÂõæÁâáÔºåËÆøÈóÆÊìç‰ΩúÁ≥ªÁªüÂíå‰∫íËÅîÁΩëÔºåÊîØÊåÅÂü∫‰∫éËá™ÊúâÁü•ËØÜÂ∫ìËøõË°åÂÆöÂà∂‰ºÅ‰∏öÊô∫ËÉΩÂÆ¢Êúç„ÄÇ,"ai, ai-agent, chatgpt, claude-4, deepseek, dingtalk, feishu-bot, gemini, gpt-4, kimi, linkai, llm, mcp, multi-agent, openai, python3, qwen, rag, wechat, wechat-bot",2025-12-11T14:55:39Z,MIT,https://github.com/zhayujie/chatgpt-on-wechat,3,"{'is_relevant': True, 'reason': 'The repository implements a chatbot that supports multiple communication platforms and utilizes various large language models (LLMs), indicating it involves multiple interacting agents in its architecture.'}",True,"The repository implements a chatbot that supports multiple communication platforms and utilizes various large language models (LLMs), indicating it involves multiple interacting agents in its architecture."
danny-avila/LibreChat,32342,6383,TypeScript,"Enhanced ChatGPT Clone: Features Agents, MCP, DeepSeek, Anthropic, AWS, OpenAI, Responses API, Azure, Groq, o1, GPT-5, Mistral, OpenRouter, Vertex AI, Gemini, Artifacts, AI model switching, message se","ai, anthropic, artifacts, aws, azure, chatgpt, chatgpt-clone, claude, clone, deepseek, gemini, google, gpt-5, librechat, mcp, o1, openai, responses-api, vision, webui",2025-12-11T18:43:24Z,MIT,https://github.com/danny-avila/LibreChat,2,"{'is_relevant': True, 'reason': 'The repository implements a multi-agent system with various features such as Agent functionality and AI model switching, indicating it serves a specific application involving multiple interacting agents.'}",True,"The repository implements a multi-agent system with various features such as Agent functionality and AI model switching, indicating it serves a specific application involving multiple interacting agents."
wshobson/agents,22516,2514,Python,Intelligent automation and multi-agent orchestration for Claude Code,"agents, ai-agents, anthropic, anthropic-claude, automation, claude, claude-code, claude-code-cli, claude-code-commands, claude-code-plugin, claude-code-plugins, claude-code-subagents, claude-skills, claudecode, claudecode-config, claudecode-subagents, orchestration, sub-agents, subagents, workflows",2025-12-11T18:28:12Z,MIT,https://github.com/wshobson/agents,6,"{'is_relevant': True, 'reason': 'The repository focuses on intelligent automation and orchestration specifically for multi-agent interactions in the context of Claude Code, indicating it implements a Multi-Agent System leveraging LLMs.'}",True,"The repository focuses on intelligent automation and orchestration specifically for multi-agent interactions in the context of Claude Code, indicating it implements a Multi-Agent System leveraging LLMs."
1Panel-dev/MaxKB,19531,2542,Python,üî• MaxKB is an open-source platform for building enterprise-grade agents.  Âº∫Â§ßÊòìÁî®ÁöÑÂºÄÊ∫ê‰ºÅ‰∏öÁ∫ßÊô∫ËÉΩ‰ΩìÂπ≥Âè∞„ÄÇ,"agent, agentic-ai, chatbot, deepseek-r1, knowledgebase, langchain, llama3, llm, maxkb, mcp-server, ollama, pgvector, qwen3, rag",2025-12-11T12:34:00Z,GPL-3.0,https://github.com/1Panel-dev/MaxKB,3,"{'is_relevant': True, 'reason': 'The repository MaxKB implements an open-source platform for building enterprise-grade agents, which suggests it is focused on more than just single-agent usage and likely involves multiple interacting agents in a specific application context.'}",True,"The repository MaxKB implements an open-source platform for building enterprise-grade agents, which suggests it is focused on more than just single-agent usage and likely involves multiple interacting agents in a specific application context."
shareAI-lab/analysis_claude_code,11585,3016,JavaScript,Êú¨‰ªìÂ∫ìÂåÖÂê´ÂØπ Claude Code v1.0.33 ËøõË°åÈÄÜÂêëÂ∑•Á®ãÁöÑÂÆåÊï¥Á†îÁ©∂ÂíåÂàÜÊûêËµÑÊñô„ÄÇÂåÖÊã¨ÂØπÊ∑∑Ê∑ÜÊ∫ê‰ª£Á†ÅÁöÑÊ∑±Â∫¶ÊäÄÊúØÂàÜÊûê„ÄÅÁ≥ªÁªüÊû∂ÊûÑÊñáÊ°£Ôºå‰ª•ÂèäÈáçÊûÑ Claude      Code agent Á≥ªÁªüÁöÑÂÆûÁé∞ËìùÂõæ„ÄÇ‰∏ªË¶ÅÂèëÁé∞ÂåÖÊã¨ÂÆûÊó∂ Steering Êú∫Âà∂„ÄÅÂ§ö Agent      Êû∂ÊûÑ„ÄÅÊô∫ËÉΩ‰∏ä‰∏ãÊñáÁÆ°ÁêÜÂíåÂ∑•ÂÖ∑ÊâßË°åÁÆ°ÈÅì„ÄÇËØ•È°πÁõÆ‰∏∫ÁêÜËß£Áé∞‰ª£ AI agent Á≥ªÁªüËÆæËÆ°ÂíåÂÆûÁé∞Êèê‰æõÊäÄÊúØÂèÇËÄÉ„ÄÇ,,2025-12-11T14:31:39Z,Apache-2.0,https://github.com/shareAI-lab/analysis_claude_code,3,"{'is_relevant': True, 'reason': 'The repository contains a comprehensive study and analysis of a multi-agent system involving multiple interacting agents, specifically focusing on real-time steering mechanisms and intelligent context management, indicating its relevance to Multi-Agent Systems (MAS) leveraging LLMs.'}",True,"The repository contains a comprehensive study and analysis of a multi-agent system involving multiple interacting agents, specifically focusing on real-time steering mechanisms and intelligent context management, indicating its relevance to Multi-Agent Systems (MAS) leveraging LLMs."
nanobrowser/nanobrowser,11541,1165,TypeScript,Open-Source Chrome extension for AI-powered web automation. Run multi-agent workflows using your own LLM API key. Alternative to OpenAI Operator.,"agent, ai, ai-agents, ai-tools, automation, browser, browser-automation, browser-use, chrome-extension, comet, dia, extension, manus, mariner, multi-agent, n8n, nano, opensource, playwright, web-automation",2025-12-11T13:11:26Z,Apache-2.0,https://github.com/nanobrowser/nanobrowser,6,"{'is_relevant': True, 'reason': 'The repository implements a specific application (AI-powered web automation) involving multiple interacting agents, which aligns with the definition of a Multi-Agent System (MAS).'}",True,"The repository implements a specific application (AI-powered web automation) involving multiple interacting agents, which aligns with the definition of a Multi-Agent System (MAS)."
NoFxAiOS/nofx,8782,2266,Go,"NOFX: Defining the Next-Generation AI Trading Operating System. A multi-exchange Al trading platform(Binance/Hyperliquid/Aster) with multi-Ai competition(deepseek/qwen/gemini/claude)self-evolution, an","agentic-ai, agentictrading, ai, ai-trading, aitradingos, arbitrage, aster, binance, bitcoin, crypto, exchange, hyperliquid, nof1ai, perp-dex, trading",2025-12-11T18:19:38Z,AGPL-3.0,https://github.com/NoFxAiOS/nofx,2,"{'is_relevant': True, 'reason': 'The repository implements a multi-exchange AI trading platform that likely involves multiple interacting agents competing in trading scenarios, fulfilling the criteria for relevance.'}",True,"The repository implements a multi-exchange AI trading platform that likely involves multiple interacting agents competing in trading scenarios, fulfilling the criteria for relevance."
InternLM/MindSearch,6706,671,JavaScript,üîç An LLM-based Multi-agent Framework of Web Search Engine (like Perplexity.ai Pro and SearchGPT),"ai-search-engine, gpt, llm, llms, multi-agent-systems, perplexity-ai, search, searchgpt, transformer, web-search",2025-12-11T09:25:06Z,Apache-2.0,https://github.com/InternLM/MindSearch,3,"{'is_relevant': True, 'reason': 'The repository implements a multi-agent framework specifically for web search using LLMs, as indicated by its description and topics.'}",True,"The repository implements a multi-agent framework specifically for web search using LLMs, as indicated by its description and topics."
0x4m4/hexstrike-ai,4988,1152,Python,"HexStrike AI MCP Agents is an advanced MCP server that lets AI agents (Claude, GPT, Copilot, etc.) autonomously run 150+ cybersecurity tools for automated pentesting, vulnerability discovery, bug boun","0x4m4, ai, ai-agents, ai-cybersecurity, ai-hacking, ai-penetration-testing, ai-security-tool, artificial-intelligence, ctf-tools, generative-ai, hexstrike, kali-linux, kali-tools, llm, llm-integration, mcp, mcp-server, mcp-tools, pentesting, pentesting-tools",2025-12-11T18:38:54Z,,https://github.com/0x4m4/hexstrike-ai,6,"{'is_relevant': True, 'reason': 'The repository implements an advanced MCP server that allows multiple AI agents to interact and autonomously run numerous cybersecurity tools, which aligns with the criteria for a specific application involving multiple interacting agents in a multi-agent system.'}",True,"The repository implements an advanced MCP server that allows multiple AI agents to interact and autonomously run numerous cybersecurity tools, which aligns with the criteria for a specific application involving multiple interacting agents in a multi-agent system."
antinomyhq/forge,4582,1183,Rust,"AI enabled pair programmer for Claude, GPT, O Series, Grok, Deepseek, Gemini and 300+ models","ai-pair-programming, ai-workflows, artifical-intelligense, claude-3-7-sonnet, claude-4, claude-4-sonnet, cli-assistant, command-line, grok, llm, multi-agent-reinforcement-learning, open-router, open-source-claude-code, openai, qwen, shell",2025-12-11T17:37:05Z,Apache-2.0,https://github.com/antinomyhq/forge,6,"{'is_relevant': True, 'reason': 'The repository implements an AI-enabled pair programming system which involves interaction among multiple agents (Claude, GPT, and others), aligning with the criteria for Relevance.'}",True,"The repository implements an AI-enabled pair programming system which involves interaction among multiple agents (Claude, GPT, and others), aligning with the criteria for Relevance."
langroid/langroid,3794,350,Python,Harness LLMs with Multi-Agent Programming,"agents, ai, chatgpt, function-calling, gpt, gpt-4, gpt4, information-retrieval, language-model, llama, llm, llm-agent, llm-framework, local-llm, multi-agent-systems, openai-api, rag, retrieval-augmented-generation",2025-12-10T08:02:15Z,MIT,https://github.com/langroid/langroid,6,"{'is_relevant': True, 'reason': 'The repository implements a specific application that uses multiple interacting agents leveraging LLMs, which meets the criteria for relevance.'}",True,"The repository implements a specific application that uses multiple interacting agents leveraging LLMs, which meets the criteria for relevance."
Mirix-AI/MIRIX,3586,334,Python,Mirix is a multi-agent personal assistant designed to track on-screen activities and answer user questions intelligently. By capturing real-time visual data and consolidating it into structured memori,"llm-agents, llm-memory, memory-agents, personal-assistant",2025-12-11T18:46:39Z,Apache-2.0,https://github.com/Mirix-AI/MIRIX,6,"{'is_relevant': True, 'reason': 'The repository implements a multi-agent personal assistant that interacts with multiple agents to track on-screen activities and answer user questions intelligently, thus fulfilling the criteria for a Multi-Agent System leveraging LLMs.'}",True,"The repository implements a multi-agent personal assistant that interacts with multiple agents to track on-screen activities and answer user questions intelligently, thus fulfilling the criteria for a Multi-Agent System leveraging LLMs."
Josh-XT/AGiXT,3131,443,Python,"AGiXT is a dynamic AI Agent Automation Platform that seamlessly orchestrates instruction management and complex task execution across diverse AI providers. Combining adaptive memory, smart features, a","agent-llm, agi, agixt, ai, artificial, automation, chromadb, intelligence, llama, llamacpp, llm, llmops, openai, python",2025-12-11T10:42:00Z,MIT,https://github.com/Josh-XT/AGiXT,6,"{'is_relevant': True, 'reason': 'AGiXT orchestrates instruction management and task execution across diverse AI providers, indicating it implements a multi-agent system that leverages LLMs for complex interactions.'}",True,"AGiXT orchestrates instruction management and task execution across diverse AI providers, indicating it implements a multi-agent system that leverages LLMs for complex interactions."
iOfficeAI/AionUi,3048,242,TypeScript,"Free, local, open-source GUI app for Gemini CLI, Claude Code, Codex, Qwen Code, and more ‚Äî Enhanced Chat UI, WebUI, Multi-Agent & Multi-LLM, MCP Integration | üåü Star if you like it!","acp, ai, ai-agent, banana, chat, chatbot, claude-code, codex, excel, gemini, gemini-cli, gemini-pro, gui, llm, local, multi-agent, nano-banana, office, qwen-code, webui",2025-12-11T17:30:01Z,Apache-2.0,https://github.com/iOfficeAI/AionUi,5,"{'is_relevant': True, 'reason': 'The repository implements a specific application as a GUI for interacting with multiple LLMs and supports multiple agents, aligning with the criteria for a Multi-Agent System.'}",True,"The repository implements a specific application as a GUI for interacting with multiple LLMs and supports multiple agents, aligning with the criteria for a Multi-Agent System."
kingjulio8238/Memary,2513,188,Jupyter Notebook,The Open Source Memory Layer For Autonomous Agents,"agents, knowledge-graph, memory, multiagent-systems, rag, self-improvement",2025-12-09T23:58:27Z,MIT,https://github.com/kingjulio8238/Memary,6,"{'is_relevant': True, 'reason': 'The repository implements an open source memory layer specifically designed for autonomous agents, which suggests a focus on multi-agent systems utilizing LLMs for memory and interaction.'}",True,"The repository implements an open source memory layer specifically designed for autonomous agents, which suggests a focus on multi-agent systems utilizing LLMs for memory and interaction."
jmiao24/Paper2Agent,1843,305,Jupyter Notebook,Paper2Agent is a multi-agent AI system that automatically transforms research papers into interactive AI agents with minimal human input.,,2025-12-11T10:56:13Z,MIT,https://github.com/jmiao24/Paper2Agent,3,"{'is_relevant': True, 'reason': 'The repository implements a multi-agent AI system that transforms research papers into interactive AI agents, which indicates a specific application involving multiple interacting agents within a MAS context.'}",True,"The repository implements a multi-agent AI system that transforms research papers into interactive AI agents, which indicates a specific application involving multiple interacting agents within a MAS context."
FareedKhan-dev/all-agentic-architectures,1829,290,Jupyter Notebook,Implementation of 17+ agentic architectures designed for practical use across different stages of AI system development.,"agentic-ai, ai-agents, langchain, langgraph, langsmith, llm",2025-12-11T18:41:01Z,MIT,https://github.com/FareedKhan-dev/all-agentic-architectures,6,"{'is_relevant': True, 'reason': 'The repository implements 17+ agentic architectures designed for practical use across different stages of AI system development, which suggests a focus on multi-agent applications, particularly leveraging LLMs.'}",True,"The repository implements 17+ agentic architectures designed for practical use across different stages of AI system development, which suggests a focus on multi-agent applications, particularly leveraging LLMs."
101dotxyz/GPTeam,1707,256,Python,GPTeam: An open-source multi-agent simulation,"agents, ai, autogpt, gpt-4",2025-11-22T18:12:23Z,MIT,https://github.com/101dotxyz/GPTeam,3,"{'is_relevant': True, 'reason': 'The repository implements a multi-agent simulation, which indicates that it involves multiple interacting agents rather than serving as a framework or tool for building multi-agent systems.'}",True,"The repository implements a multi-agent simulation, which indicates that it involves multiple interacting agents rather than serving as a framework or tool for building multi-agent systems."
guy-hartstein/company-research-agent,1546,239,Python,An agentic company research tool powered by LangGraph and Tavily that conducts deep diligence on companies using a multi-agent framework. It leverages Google's Gemini 2.5 Flash and OpenAI's GPT-5.1 on,"agents, ai, company, financial-analysis, gemini, langchain, langgraph-python, multi-agent-systems, openai, python, research, tavily, tavily-api, tavily-search",2025-12-11T06:48:50Z,Apache-2.0,https://github.com/guy-hartstein/company-research-agent,1,"{'is_relevant': True, 'reason': 'The repository implements a specific application that uses a multi-agent framework for conducting deep diligence on companies, leveraging LLMs like Gemini 2.5 Flash and GPT-5.1.'}",True,"The repository implements a specific application that uses a multi-agent framework for conducting deep diligence on companies, leveraging LLMs like Gemini 2.5 Flash and GPT-5.1."
starpig1129/DATAGEN,1525,216,Python,"DATAGEN: AI-driven multi-agent research assistant automating hypothesis generation, data analysis, and report writing. Now expanding into crypto market intelligence. Learn more: https://datagen.digita","agent, ai, ai-data-analysis, artificial-intelligence, code-generation, data-analysis, data-analytics, data-science, langchain, langgraph, large-language-model, large-language-models, llm, multiagent-systems, python",2025-12-09T10:34:58Z,MIT,https://github.com/starpig1129/DATAGEN,4,"{'is_relevant': True, 'reason': 'The repository implements a multi-agent research assistant utilizing AI for hypothesis generation, data analysis, and report writing, which aligns with the criteria for relevance involving interacting agents in a specific application.'}",True,"The repository implements a multi-agent research assistant utilizing AI for hypothesis generation, data analysis, and report writing, which aligns with the criteria for relevance involving interacting agents in a specific application."
Farama-Foundation/chatarena,1521,147,Python,ChatArena (or Chat Arena) is a Multi-Agent Language Game Environments for LLMs. The goal is to develop communication and collaboration capabilities of AIs.,"ai, artificial-intelligence, chatgpt, gpt-4, large-language-models, multi-agent, multi-agent-reinforcement-learning, multi-agent-simulation, natural-language-processing, python",2025-12-10T06:53:26Z,Apache-2.0,https://github.com/Farama-Foundation/chatarena,2,"{'is_relevant': True, 'reason': 'The repository implements a Multi-Agent Language Game Environment specifically designed to develop communication and collaboration capabilities among multiple interacting AIs, meeting the criteria for relevance.'}",True,"The repository implements a Multi-Agent Language Game Environment specifically designed to develop communication and collaboration capabilities among multiple interacting AIs, meeting the criteria for relevance."
Link-AGI/AutoAgents,1443,178,Python,[IJCAI 2024] Generate different roles for GPTs to form a collaborative entity for complex tasks.,,2025-12-05T20:33:57Z,MIT,https://github.com/Link-AGI/AutoAgents,4,"{'is_relevant': True, 'reason': 'The repository implements different roles for GPTs to form a collaborative entity, indicating a specific application involving multiple interacting agents, thus fitting the criteria for a Multi-Agent System.'}",True,"The repository implements different roles for GPTs to form a collaborative entity, indicating a specific application involving multiple interacting agents, thus fitting the criteria for a Multi-Agent System."
jihe520/MathModelAgent,1431,187,Vue,"ü§ñüìê‰∏ì‰∏∫Êï∞Â≠¶Âª∫Ê®°ËÆæËÆ°ÁöÑ Agent ,Ëá™Âä®ÂÆåÊàêÊï∞Â≠¶Âª∫Ê®°ÔºåÁîüÊàê‰∏Ä‰ªΩÂÆåÊï¥ÁöÑÂèØ‰ª•Áõ¥Êé•Êèê‰∫§ÁöÑËÆ∫Êñá„ÄÇ An Agent Designed for Mathematical Modeling ,Automatically complete mathmodel and generate a complete paper ready for submission.","agent, llm, mathmodel, muti-agent",2025-12-11T17:35:24Z,,https://github.com/jihe520/MathModelAgent,3,"{'is_relevant': True, 'reason': 'The repository implements a Multi-Agent System specifically designed for mathematical modeling, as it involves multiple agents working together to complete a math model and generate a paper.'}",True,"The repository implements a Multi-Agent System specifically designed for mathematical modeling, as it involves multiple agents working together to complete a math model and generate a paper."
lupantech/AgentFlow,1398,183,Python,AgentFlow: In-the-Flow Agentic System Optimization,"agentic-ai, agentic-systems, llms, llms-reasoning, multi-agent-systems, reinforcement-learning, tool-augmented",2025-12-11T17:48:37Z,MIT,https://github.com/lupantech/AgentFlow,1,"{'is_relevant': True, 'reason': 'The repository implements a specific application involving multiple interacting agents in the context of agentic systems, leveraging LLMs as part of an in-the-flow optimization approach.'}",True,"The repository implements a specific application involving multiple interacting agents in the context of agentic systems, leveraging LLMs as part of an in-the-flow optimization approach."
asinghcsu/AgenticRAG-Survey,1322,159,,Agentic-RAG explores advanced Retrieval-Augmented Generation systems enhanced with AI LLM agents. ,"agentic, agentic-ai, agentic-framework, agentic-pattern, agentic-rag, agentic-workflow, llm-agent, multi-agent-systems, multiagent, rag, reflection, tools",2025-12-11T07:03:41Z,,https://github.com/asinghcsu/AgenticRAG-Survey,4,"{'is_relevant': True, 'reason': 'The repository explores advanced Retrieval-Augmented Generation systems enhanced with AI LLM agents, suggesting an implementation involving multiple interacting agents, which aligns with the relevant criteria.'}",True,"The repository explores advanced Retrieval-Augmented Generation systems enhanced with AI LLM agents, suggesting an implementation involving multiple interacting agents, which aligns with the relevant criteria."
Danau5tin/multi-agent-coding-system,1292,162,Python,"Reached #13 on Stanford's Terminal Bench leaderboard. Orchestrator, explorer & coder agents working together with intelligent context sharing.",,2025-12-10T22:25:48Z,Apache-2.0,https://github.com/Danau5tin/multi-agent-coding-system,4,"{'is_relevant': True, 'reason': 'The repository implements a multi-agent system where orchestrator, explorer, and coder agents work together, indicating a specific application involving multiple interacting agents.'}",True,"The repository implements a multi-agent system where orchestrator, explorer, and coder agents work together, indicating a specific application involving multiple interacting agents."
langfengQ/verl-agent,1265,112,Python,"verl-agent is an extension of veRL, designed for training LLM/VLM agents via RL. verl-agent is also the official code for paper ""Group-in-Group Policy Optimization for LLM Agent Training""","agent-framework, deepseek-r1, gigpo, grpo, large-language-models, llm-agents, llm-training, reinforcement-learning",2025-12-11T17:14:43Z,Apache-2.0,https://github.com/langfengQ/verl-agent,1,"{'is_relevant': True, 'reason': 'The repository verl-agent is designed for training LLM agents using reinforcement learning, specifically focused on optimizing multi-agent interactions, which aligns with the criteria for implementing a Multi-Agent System.'}",True,"The repository verl-agent is designed for training LLM agents using reinforcement learning, specifically focused on optimizing multi-agent interactions, which aligns with the criteria for implementing a Multi-Agent System."
codefuse-ai/codefuse-chatbot,1258,132,Python,"An intelligent assistant serving the entire software development lifecycle, powered by a Multi-Agent Framework, working with DevOps Toolkits, Code&Doc Repo RAG,  etc.","aiops, chatbot, code-repo-analysis, code-repo-generation, devops, gpt, knowledge-graph, langchain, multi-agent, rag, tool-learning",2025-12-10T07:48:48Z,NOASSERTION,https://github.com/codefuse-ai/codefuse-chatbot,3,"{'is_relevant': True, 'reason': 'The repository implements an intelligent assistant that serves the entire software development lifecycle using a Multi-Agent Framework, indicating it incorporates multiple interacting agents, which aligns with the relevance criteria.'}",True,"The repository implements an intelligent assistant that serves the entire software development lifecycle using a Multi-Agent Framework, indicating it incorporates multiple interacting agents, which aligns with the relevance criteria."
metaskills/experts,1060,63,JavaScript,Experts.js is the easiest way to create and deploy OpenAI's Assistants and link them together as Tools to create advanced Multi AI Agent Systems with expanded memory and attention to detail.,"agents, ai, ai-agents, assistants-api, multi-agent-systems, openai, openai-assistants, openai-assistants-api",2025-11-25T15:06:52Z,MIT,https://github.com/metaskills/experts,1,"{'is_relevant': True, 'reason': ""The repository implements Experts.js which allows for the creation and deployment of OpenAI's Assistants that function as a Multi-Agent System, specifically allowing multiple agents to interact and work together with expanded memory and attention to detail.""}",True,"The repository implements Experts.js which allows for the creation and deployment of OpenAI's Assistants that function as a Multi-Agent System, specifically allowing multiple agents to interact and work together with expanded memory and attention to detail."
Doriandarko/make-it-heavy,1058,182,Python,"A Python framework that emulates Grok Heavy functionality using intelligent multi-agent orchestration. Deploy 4 (or more) specialized AI agents in parallel to deliver comprehensive, multi-perspective ",,2025-12-11T12:36:05Z,NOASSERTION,https://github.com/Doriandarko/make-it-heavy,4,"{'is_relevant': True, 'reason': 'The repository implements a Python framework that specifically emulates multi-agent orchestration, fulfilling the criteria of leveraging multiple specialized AI agents for collaborative tasks.'}",True,"The repository implements a Python framework that specifically emulates multi-agent orchestration, fulfilling the criteria of leveraging multiple specialized AI agents for collaborative tasks."
Onelevenvy/flock,1056,131,TypeScript,"Flock is a workflow-based low-code platform for rapidly building chatbots, RAG, and coordinating multi-agent teams, powered by LangGraph, Langchain, FastAPI, and NextJS.ÔºàFlock ÊòØ‰∏Ä‰∏™Âü∫‰∫éworkflowÂ∑•‰ΩúÊµÅÁöÑ‰Ωé‰ª£Á†ÅÂπ≥Âè∞ÔºåÁî®","agent, ai, chatbot, crewai, deekseek, dify, fastapi, langchain, langgraph, langgraph-gui, llm, mcp, muti-agent, nextjs, ollama, openai, openapi, rag, react-flow, workflow",2025-12-05T07:58:44Z,Apache-2.0,https://github.com/Onelevenvy/flock,4,"{'is_relevant': True, 'reason': 'The repository implements a workflow-based low-code platform specifically for building chatbots and coordinating multi-agent teams, indicating a focus on multi-agent systems utilizing LLMs.'}",True,"The repository implements a workflow-based low-code platform specifically for building chatbots and coordinating multi-agent teams, indicating a focus on multi-agent systems utilizing LLMs."
SalesforceAIResearch/enterprise-deep-research,998,158,Python,Salesforce Enterprise Deep Research,"deep-research-agent, e2b, fastapi, langchain, llm-benchmarking, multi-agent-systems, react, tailwindcss, tavily",2025-12-11T16:05:24Z,Apache-2.0,https://github.com/SalesforceAIResearch/enterprise-deep-research,4,"{'is_relevant': True, 'reason': 'The repository implements a multi-agent system leveraging LLMs through deep research applications, aligning with the criteria for relevance.'}",True,"The repository implements a multi-agent system leveraging LLMs through deep research applications, aligning with the criteria for relevance."
Dicklesworthstone/mcp_agent_mail,972,96,Python,Like gmail for your coding agents. Lets various different agents communicate and coordinate with each other.,,2025-12-11T17:26:47Z,MIT,https://github.com/Dicklesworthstone/mcp_agent_mail,4,"{'is_relevant': True, 'reason': 'The repository implements a specific application that allows various agents to communicate and coordinate with each other, fitting the criteria for a Multi-Agent System (MAS) leveraging LLMs.'}",True,"The repository implements a specific application that allows various agents to communicate and coordinate with each other, fitting the criteria for a Multi-Agent System (MAS) leveraging LLMs."
vxcontrol/pentagi,866,148,Go,‚ú® Fully autonomous AI Agents system capable of performing complex penetration testing tasks,"ai-agents, ai-security-tool, anthropic, autonomous-agents, golang, gpt, graphql, multi-agent-system, offensive-security, open-source, openai, penetration-testing, penetration-testing-tools, react, security-automation, security-testing, security-tools, self-hosted",2025-12-11T09:58:33Z,MIT,https://github.com/vxcontrol/pentagi,4,"{'is_relevant': True, 'reason': 'The repository implements a fully autonomous AI Agents system capable of performing complex penetration testing tasks, which suggests the use of multiple interacting agents in a specific application, aligning with the criteria for relevance.'}",True,"The repository implements a fully autonomous AI Agents system capable of performing complex penetration testing tasks, which suggests the use of multiple interacting agents in a specific application, aligning with the criteria for relevance."
gadievron/raptor,777,6,Python,"Raptor turns Claude Code into a general-purpose AI offensive/defensive security agent. By using Claude.md and creating rules, sub-agents, and skills, and orchestrating security tool usage, we configur",,2025-12-11T16:21:04Z,MIT,https://github.com/gadievron/raptor,4,"{'is_relevant': True, 'reason': 'The repository implements a specific application that leverages multiple agents for offensive and defensive security tasks using Claude Code, indicating a multi-agent system context.'}",True,"The repository implements a specific application that leverages multiple agents for offensive and defensive security tasks using Claude Code, indicating a multi-agent system context."
tsinghua-fib-lab/AgentSociety,742,141,Python,AgentSociety: Large-scale Social Simulation to Understand Human Behaviors and Society through LLM-driven Agents,,2025-12-10T12:27:57Z,Apache-2.0,https://github.com/tsinghua-fib-lab/AgentSociety,1,"{'is_relevant': True, 'reason': 'The repository implements a large-scale social simulation that involves multiple LLM-driven agents interacting with each other to understand human behaviors and society, which aligns with the criteria for a Multi-Agent System.'}",True,"The repository implements a large-scale social simulation that involves multiple LLM-driven agents interacting with each other to understand human behaviors and society, which aligns with the criteria for a Multi-Agent System."
divar-ir/ai-doc-gen,671,65,Python,"AI-powered multi-agent system that automatically analyzes codebases and generates comprehensive documentation. Features GitLab integration, concurrent processing, and multiple LLM support for better c","agent, ai, ai-documentation, code-analysis, documentation, multi-agent, pydantic-ai, python",2025-12-11T08:58:44Z,MIT,https://github.com/divar-ir/ai-doc-gen,4,"{'is_relevant': True, 'reason': 'The repository implements a multi-agent system that analyzes codebases and generates documentation, which fits the criteria of using multiple interacting agents.'}",True,"The repository implements a multi-agent system that analyzes codebases and generates documentation, which fits the criteria of using multiple interacting agents."
souvikmajumder26/Multi-Agent-Medical-Assistant,669,155,Python,"‚öïÔ∏èGenAI powered multi-agentic medical diagnostics and healthcare research assistance chatbot. üè• Designed for healthcare professionals, researchers and patients.","agent, agentic-ai, agents, chatbot, computer-vision, disease-detection, genai, genai-chatbot, generative-ai, guardrails, langchain, langgraph, large-language-models, llm, medical-image-processing, medical-imaging, python, rag, retrieval-augmented-generation, vector-database",2025-12-10T02:31:35Z,Apache-2.0,https://github.com/souvikmajumder26/Multi-Agent-Medical-Assistant,4,"{'is_relevant': True, 'reason': 'The repository implements a specific application of a multi-agent system that assists in medical diagnostics, leveraging generative AI and large language models, which meets the criteria for relevance.'}",True,"The repository implements a specific application of a multi-agent system that assists in medical diagnostics, leveraging generative AI and large language models, which meets the criteria for relevance."
massgen/MassGen,641,94,Python,"üöÄ MassGen is an open-source multi-agent scaling system that runs in your terminal, autonomously orchestrating frontier models and agents to collaborate, reason, and produce high-quality results. | Joi","agent, agentic-ai, autonomous-agents, cli, collaborative-ai, conversational-ai, genai, generative-ai, llm, llm-orchestration, model-context-protocol, multi-agent, python, terminal-ui, test-time-scaling, tool-calling",2025-12-10T18:13:49Z,NOASSERTION,https://github.com/massgen/MassGen,3,"{'is_relevant': True, 'reason': 'The repository implements a multi-agent system that autonomously orchestrates agents to collaborate and produce outcomes, fulfilling the criteria of using multiple interacting agents in a specific application context.'}",True,"The repository implements a multi-agent system that autonomously orchestrates agents to collaborate and produce outcomes, fulfilling the criteria of using multiple interacting agents in a specific application context."
s-smits/agentic-cursorrules,639,57,Python,A practical approach to managing multiple AI agents in Cursor through strict file-tree partitioning and domain boundaries.,,2025-11-29T17:11:27Z,,https://github.com/s-smits/agentic-cursorrules,1,"{'is_relevant': True, 'reason': 'The repository implements a practical approach to managing multiple AI agents through strict file-tree partitioning and domain boundaries, indicating a specific application involving multiple interacting agents.'}",True,"The repository implements a practical approach to managing multiple AI agents through strict file-tree partitioning and domain boundaries, indicating a specific application involving multiple interacting agents."
langtalks/swe-agent,596,114,Python,ü§ñ AI-powered software engineering multi-agent system with researcher and developer agents that automate code implementation through intelligent planning and execution. Built with LangGraph multi-agent,,2025-12-11T01:30:28Z,MIT,https://github.com/langtalks/swe-agent,1,"{'is_relevant': True, 'reason': 'The repository implements a specific application involving multiple interacting agents in a multi-agent system context, utilizing AI for code implementation through intelligent planning and execution.'}",True,"The repository implements a specific application involving multiple interacting agents in a multi-agent system context, utilizing AI for code implementation through intelligent planning and execution."
minghao-wu/transagents,588,28,,"The official repository of the paper ""(Perhaps) Beyond Human Translation: Harnessing Multi-Agent Collaboration for Translating Ultra-Long Literary Texts""",,2025-12-10T16:52:23Z,Apache-2.0,https://github.com/minghao-wu/transagents,3,"{'is_relevant': True, 'reason': 'The repository implements a specific application involving multiple interacting agents for translating ultra-long literary texts, aligning with the criteria for relevance.'}",True,"The repository implements a specific application involving multiple interacting agents for translating ultra-long literary texts, aligning with the criteria for relevance."
temporal-community/temporal-ai-agent,569,144,Python,This demo shows a multi-turn conversation with an AI agent running inside a Temporal workflow.,,2025-12-09T22:48:54Z,MIT,https://github.com/temporal-community/temporal-ai-agent,3,"{'is_relevant': True, 'reason': 'The repository demonstrates a multi-turn interaction with an AI agent within a Temporal workflow, indicating that it focuses on a specific application involving multiple interacting agents.'}",True,"The repository demonstrates a multi-turn interaction with an AI agent within a Temporal workflow, indicating that it focuses on a specific application involving multiple interacting agents."
ag2ai/fastagency,524,60,Python,The fastest way to bring multi-agent workflows to production.,"autogen, llm, mesop, multiagent",2025-12-10T07:07:27Z,Apache-2.0,https://github.com/ag2ai/fastagency,3,"{'is_relevant': True, 'reason': 'The repository implements a multi-agent workflow for production, suggesting an application involving multiple interacting agents leveraging LLMs.'}",True,"The repository implements a multi-agent workflow for production, suggesting an application involving multiple interacting agents leveraging LLMs."
zhsama/claude-sub-agent,514,90,,AI-driven development workflow system built on Claude Code Sub-Agents.,"agent, claude-code, multi-agent-system, workflow",2025-12-10T22:20:47Z,,https://github.com/zhsama/claude-sub-agent,1,"{'is_relevant': True, 'reason': 'The repository implements an AI-driven development workflow system that utilizes multiple agents to facilitate interactions, thus qualifying as a Multi-Agent System leveraging LLMs.'}",True,"The repository implements an AI-driven development workflow system that utilizes multiple agents to facilitate interactions, thus qualifying as a Multi-Agent System leveraging LLMs."
FinStep-AI/ContestTrade,479,127,Python,A Multi-Agent Trading System Based on Internal Contest Mechanism,,2025-12-07T23:03:39Z,Apache-2.0,https://github.com/FinStep-AI/ContestTrade,3,"{'is_relevant': True, 'reason': 'The repository implements a Multi-Agent Trading System that leverages multiple interacting agents, aligning with the criteria for relevance.'}",True,"The repository implements a Multi-Agent Trading System that leverages multiple interacting agents, aligning with the criteria for relevance."
Skytliang/Multi-Agents-Debate,475,54,Python,MAD: The first work to explore Multi-Agent Debate with Large Language Models :D,"chatgpt, gpt-4, large-language-models, llms, nlp",2025-12-10T11:29:51Z,GPL-3.0,https://github.com/Skytliang/Multi-Agents-Debate,1,"{'is_relevant': True, 'reason': 'The repository implements a specific application of Multi-Agent Debate involving multiple interacting agents using Large Language Models, fulfilling the criteria for relevance.'}",True,"The repository implements a specific application of Multi-Agent Debate involving multiple interacting agents using Large Language Models, fulfilling the criteria for relevance."
AmeNetwork/aser,470,31,Python,"Aser is a lightweight, self-assembling AI Agent frame.","a2a-protocol, agent, agents, ai, ai-agent, ai-memory, aser, erc8004, llm, mcp, multi-agent, onchain-ai, rag, self-evolving-ai, text2sql, web3, workflow",2025-12-09T02:59:42Z,MIT,https://github.com/AmeNetwork/aser,2,"{'is_relevant': True, 'reason': 'The repository implements a lightweight AI Agent framework that could support multi-agent interactions, leveraging LLMs in its design. It fits the criteria for relevance as it is not merely a framework or tool but aims to facilitate applications with multiple interacting agents.'}",True,"The repository implements a lightweight AI Agent framework that could support multi-agent interactions, leveraging LLMs in its design. It fits the criteria for relevance as it is not merely a framework or tool but aims to facilitate applications with multiple interacting agents."
CopilotKit/open-multi-agent-canvas,464,70,TypeScript,The open-source multi-agent chat interface that lets you manage multiple agents in one dynamic conversation and add MCP servers for deep research,"ai-agents, copilotkit, mcp-client, multi-agent, open-canvas, python, typescript",2025-12-10T08:16:44Z,,https://github.com/CopilotKit/open-multi-agent-canvas,1,"{'is_relevant': True, 'reason': 'The repository implements a specific application for managing multiple agents in dynamic conversations, which indicates it leverages multi-agent interactions rather than just being a framework or tool.'}",True,"The repository implements a specific application for managing multiple agents in dynamic conversations, which indicates it leverages multi-agent interactions rather than just being a framework or tool."
TheAgenticAI/CortexON,448,76,Python,Open-source generalized AI agent for everyday task automations.,"ai-agents, automation, genai, llm, multi-agent, reasoning, reasoning-agent",2025-11-22T19:48:36Z,NOASSERTION,https://github.com/TheAgenticAI/CortexON,1,"{'is_relevant': True, 'reason': 'The repository implements a generalized AI agent for everyday task automations, which suggests the presence of multiple interacting agents working together, leveraging LLMs for reasoning and automation purposes.'}",True,"The repository implements a generalized AI agent for everyday task automations, which suggests the presence of multiple interacting agents working together, leveraging LLMs for reasoning and automation purposes."
aws-samples/bedrock-engineer,437,58,TypeScript,"Universal AI Agent using Amazon Bedrock, capable of customize to create/edit files, execute commands, search the web, use knowledge base, use multi-agents, generative images and more.","agent, ai, aws, bedrock, claude, deepseek-r1, generative-ai, llm, rag",2025-12-09T04:16:46Z,MIT-0,https://github.com/aws-samples/bedrock-engineer,3,"{'is_relevant': True, 'reason': 'The repository implements a universal AI agent capable of utilizing multiple agents for various tasks, aligning with the criteria for a Multi-Agent System leveraging LLMs.'}",True,"The repository implements a universal AI agent capable of utilizing multiple agents for various tasks, aligning with the criteria for a Multi-Agent System leveraging LLMs."
Azure-Samples/contoso-creative-writer,410,1712,Bicep,A creative writing multi-agent solution to help users write articles.,"agents, ai-azd-templates, azd-templates, azure, azure-ai-agent-service, azure-ai-search, azureopenai, bing, chatgpt, openai",2025-12-09T20:38:58Z,MIT,https://github.com/Azure-Samples/contoso-creative-writer,1,"{'is_relevant': True, 'reason': 'The repository implements a specific application involving multiple interacting agents designed to assist users in writing articles, qualifying it as a Multi-Agent System (MAS) leveraging LLMs.'}",True,"The repository implements a specific application involving multiple interacting agents designed to assist users in writing articles, qualifying it as a Multi-Agent System (MAS) leveraging LLMs."
Westlake-AGI-Lab/Auto-Slides,398,44,Python,Official implementation of Auto-Slides: Automatic Academic Presentation Generation with Multi-Agent Collaboration,,2025-12-11T15:12:05Z,NOASSERTION,https://github.com/Westlake-AGI-Lab/Auto-Slides,3,"{'is_relevant': True, 'reason': 'The repository implements a specific application for automatic academic presentation generation using multi-agent collaboration, fulfilling the criteria for relevance.'}",True,"The repository implements a specific application for automatic academic presentation generation using multi-agent collaboration, fulfilling the criteria for relevance."
BrowserOperator/browser-operator-core,343,53,TypeScript,"Browser Operator - The AI browser with built in Multi-Agent platform! Open source alternative to ChatGPT Atlas, Perplexity Comet, Dia and Microsoft CoPilot Edge Browser","agent-browser, agent-workflow, agentic-ai, agentic-browser, agentic-framework, agentic-workflow, agents, ai-browser, browser-operator, computer-use, langgraph, llamacpp, llm, mcp, mcp-client, ollama, open-operator, openai, operator",2025-12-11T14:49:48Z,BSD-3-Clause,https://github.com/BrowserOperator/browser-operator-core,1,"{'is_relevant': True, 'reason': 'The repository implements a specific application involving multiple interacting agents, as indicated by its description of being an AI browser with a built-in Multi-Agent platform.'}",True,"The repository implements a specific application involving multiple interacting agents, as indicated by its description of being an AI browser with a built-in Multi-Agent platform."
mingyin1/Agents_Failure_Attribution,337,19,Python,üèÜ ICML 2025 Spotlight,"agent, autogen, llm, multi-agent, multiagent-systems",2025-12-10T13:50:49Z,MIT,https://github.com/mingyin1/Agents_Failure_Attribution,2,"{'is_relevant': True, 'reason': 'The repository implements a specific application involving multiple interacting agents in the context of LLMs, as indicated by its description and topics.'}",True,"The repository implements a specific application involving multiple interacting agents in the context of LLMs, as indicated by its description and topics."
dragon1086/prism-insight,332,127,Python,AI-based stock analysis and trading system,"ai, llm, mcp, multi-agent, stock",2025-12-11T14:18:38Z,AGPL-3.0,https://github.com/dragon1086/prism-insight,1,"{'is_relevant': True, 'reason': ""The repository 'dragon1086/prism-insight' implements an AI-based stock analysis and trading system using multiple interacting agents, which aligns with the criteria for a specific application involving Multi-Agent Systems (MAS) leveraging LLMs.""}",True,"The repository 'dragon1086/prism-insight' implements an AI-based stock analysis and trading system using multiple interacting agents, which aligns with the criteria for a specific application involving Multi-Agent Systems (MAS) leveraging LLMs."
adamwlarson/ai-book-writer,329,119,Python,Experimenting with AutoGen to see if an entire book can be written with AI agents,,2025-12-09T23:04:14Z,,https://github.com/adamwlarson/ai-book-writer,3,"{'is_relevant': True, 'reason': 'The repository experiments with AutoGen to potentially implement a system where AI agents cooperate to write a book, which aligns with the criteria of using multiple interacting agents in a specific application.'}",True,"The repository experiments with AutoGen to potentially implement a system where AI agents cooperate to write a book, which aligns with the criteria of using multiple interacting agents in a specific application."
thunlp/ChatEval,312,28,Python,"Codes for our paper ""ChatEval: Towards Better LLM-based Evaluators through Multi-Agent Debate""",,2025-12-10T11:15:03Z,Apache-2.0,https://github.com/thunlp/ChatEval,1,"{'is_relevant': True, 'reason': 'The repository implements ChatEval, which appears to be a specific application aimed at evaluating LLMs using a multi-agent debate approach, thus fitting the criteria for a Multi-Agent System leveraging LLMs.'}",True,"The repository implements ChatEval, which appears to be a specific application aimed at evaluating LLMs using a multi-agent debate approach, thus fitting the criteria for a Multi-Agent System leveraging LLMs."
agiresearch/WarAgent,301,41,Python,WarAgent: LLM-based Multi-Agent Simulation of World Wars,,2025-12-08T07:23:57Z,Apache-2.0,https://github.com/agiresearch/WarAgent,3,"{'is_relevant': True, 'reason': 'The repository implements a multi-agent simulation specifically involving interactions among agents in the context of world wars, leveraging LLMs.'}",True,"The repository implements a multi-agent simulation specifically involving interactions among agents in the context of world wars, leveraging LLMs."
lechmazur/elimination_game,293,10,,"A multi-player tournament benchmark that tests LLMs in social reasoning, strategy, and deception. Players engage in public and private conversations, form alliances, and vote to eliminate each other","benchmark, claude-3-7-sonnet, deepseek-r1, eval, game, gpt-4-5, llm, multi-agent, o3-mini, strategy-game",2025-11-13T19:59:16Z,,https://github.com/lechmazur/elimination_game,2,"{'is_relevant': True, 'reason': 'The repository implements a multi-player tournament that involves interactions among multiple agents, fitting the criteria for a specific application involving multiple interacting agents.'}",True,"The repository implements a multi-player tournament that involves interactions among multiple agents, fitting the criteria for a specific application involving multiple interacting agents."
victordibia/designing-multiagent-systems,281,80,Python,Building LLM-Enabled Multi Agent Applications from Scratch,"agents, autogen, generative-ai, large-language-models, multiagent-systems",2025-12-11T18:32:16Z,Apache-2.0,https://github.com/victordibia/designing-multiagent-systems,3,"{'is_relevant': True, 'reason': 'The repository focuses on building LLM-Enabled Multi Agent Applications from scratch, implying it implements a specific application involving multiple interacting agents rather than merely serving as a framework or tool.'}",True,"The repository focuses on building LLM-Enabled Multi Agent Applications from scratch, implying it implements a specific application involving multiple interacting agents rather than merely serving as a framework or tool."
evalops/cognitive-dissonance-dspy,270,20,Python,A multi-agent LLM system for detecting and resolving cognitive dissonance.,,2025-12-08T21:52:50Z,,https://github.com/evalops/cognitive-dissonance-dspy,3,"{'is_relevant': True, 'reason': 'The repository implements a multi-agent system specifically designed for detecting and resolving cognitive dissonance, which involves multiple interacting agents.'}",True,"The repository implements a multi-agent system specifically designed for detecting and resolving cognitive dissonance, which involves multiple interacting agents."
showlab/MovieAgent,265,36,Python,MovieAgent: Automated Movie Generation via Multi-Agent CoT Planning,,2025-12-11T04:33:33Z,,https://github.com/showlab/MovieAgent,2,"{'is_relevant': True, 'reason': 'The repository implements an automated movie generation application using multiple interacting agents, focusing on a specific application of Multi-Agent Systems with LLMs.'}",True,"The repository implements an automated movie generation application using multiple interacting agents, focusing on a specific application of Multi-Agent Systems with LLMs."
MODSetter/gpt-instagram,243,25,TypeScript,A GPT-based autonomous multi-agent AI in Next.js that research & recommends Instagram Viral Posts reflecting your personality.,"agents, ai, dalle, gpt, langchain, langchain-js, langgraph, langgraph-js, multi-agent-systems, nextjs, nextjs14",2025-12-11T00:32:03Z,MIT,https://github.com/MODSetter/gpt-instagram,1,"{'is_relevant': True, 'reason': 'The repository implements a specific application (GPT-based autonomous multi-agent AI) involving multiple interacting agents, which aligns with the criteria for relevance.'}",True,"The repository implements a specific application (GPT-based autonomous multi-agent AI) involving multiple interacting agents, which aligns with the criteria for relevance."
global-agent-hackathon/global-agent-hackathon-may-2025,240,98,,"A month-long, open-source AI Agent Hackathon ‚Äî open to all builders and dreamers working on agents, RAG, tool use, and multi-agent systems.","agents, ai, llms, multi-agent-systems, rag",2025-11-27T08:28:23Z,,https://github.com/global-agent-hackathon/global-agent-hackathon-may-2025,3,"{'is_relevant': True, 'reason': 'The repository focuses on a month-long open-source AI Agent Hackathon aimed at builders and dreamers working on agents, RAG, tool use, and multi-agent systems, indicating that it contains specific applications involving multiple interacting agents utilizing LLMs.'}",True,"The repository focuses on a month-long open-source AI Agent Hackathon aimed at builders and dreamers working on agents, RAG, tool use, and multi-agent systems, indicating that it contains specific applications involving multiple interacting agents utilizing LLMs."
FareedKhan-dev/Multi-Agent-AI-System,239,59,Jupyter Notebook,Building a Multi-Agent AI System with LangGraph and LangSmith,"ai-agents, langchain, langgraph, langsmith, multi-agent-systems, openai",2025-12-09T04:48:04Z,MIT,https://github.com/FareedKhan-dev/Multi-Agent-AI-System,3,"{'is_relevant': True, 'reason': 'The repository is specifically focused on building a Multi-Agent AI System using LangGraph and LangSmith, which directly involves multiple interacting agents in its implementation.'}",True,"The repository is specifically focused on building a Multi-Agent AI System using LangGraph and LangSmith, which directly involves multiple interacting agents in its implementation."
Xtra-Computing/MegaAgent,233,30,Python,[ACL 2025 Findings] MegaAgent: A Large-Scale Autonomous LLM-based Multi-Agent System Without Predefined SOPs https://aclanthology.org/2025.findings-acl.259.pdf,,2025-12-09T02:51:08Z,,https://github.com/Xtra-Computing/MegaAgent,2,"{'is_relevant': True, 'reason': 'The repository implements a Large-Scale Autonomous LLM-based Multi-Agent System, which aligns with the criteria for relevance by showcasing multiple interacting agents in its application.'}",True,"The repository implements a Large-Scale Autonomous LLM-based Multi-Agent System, which aligns with the criteria for relevance by showcasing multiple interacting agents in its application."
HKUSTDial/DeepFund,230,36,Python,üî•[NeurIPS'25] DeepFund: Pilot for Your Next Fund Investment,"active-fund-management, agent, benchmark, financial-ai, fintech, fintech-api, information-leakage, investment, llms, multi-agent-systems, real-time-benchmarking, stock-market-evaluation",2025-12-11T05:08:39Z,MIT,https://github.com/HKUSTDial/DeepFund,3,"{'is_relevant': True, 'reason': 'The repository implements a specific application related to active fund management utilizing multiple interacting agents and LLMs, rather than being a framework or tool for building multi-agent systems.'}",True,"The repository implements a specific application related to active fund management utilizing multiple interacting agents and LLMs, rather than being a framework or tool for building multi-agent systems."
Priivacy-ai/spec-kitty,226,19,Python,"The AI Development Dashboard & Workflow Automation Platform for Spec-Driven Development. Real-time kanban tracking for multi-agent coding workflows with Claude, Cursor, Gemini, Codex and more.","agentic-coding, ai-agents, ai-coding-workflow, ai-development-dashboard, ai-progress-tracking, claude-code, code-workflow, coding-agent-orchestration, cursor-agent, development-kanban, gemini-cli, github-copilot, kanban-workflow, multi-agent-support, real-time-tracking, spec-driven-development, spec-workflow-automation, structured-development, windsurf, worktree-strategy",2025-12-11T14:48:32Z,MIT,https://github.com/Priivacy-ai/spec-kitty,1,"{'is_relevant': True, 'reason': 'The repository implements a specific application for multi-agent coding workflows, indicating an active use of multiple interacting agents in a practical context, rather than simply being a framework or tool to build such systems.'}",True,"The repository implements a specific application for multi-agent coding workflows, indicating an active use of multiple interacting agents in a practical context, rather than simply being a framework or tool to build such systems."
avivl/claude-007-agents,222,26,JavaScript," ü§ñ A unified AI agent orchestration system featuring 10's of specialized agents across 14 categories for modern software development. Built with advanced coordination intelligence, resilience engineer","agent, agentic-ai, ai-agents, claude, claude-code, claudecode-subagents, sub-agents, subagents",2025-12-09T15:08:20Z,MIT,https://github.com/avivl/claude-007-agents,1,"{'is_relevant': True, 'reason': 'The repository implements a unified AI agent orchestration system featuring multiple specialized agents working across various categories, indicating a multi-agent interaction setup rather than being a framework or a tool for building such systems.'}",True,"The repository implements a unified AI agent orchestration system featuring multiple specialized agents working across various categories, indicating a multi-agent interaction setup rather than being a framework or a tool for building such systems."
autogluon/autogluon-assistant,220,47,Python,Multi-Agent System Powered by LLMs for End-to-end Multimodal ML Automation,"automl, data-science, llm, machine-learning, mlzero, multi-agent, multimodal",2025-12-11T05:18:26Z,Apache-2.0,https://github.com/autogluon/autogluon-assistant,3,"{'is_relevant': True, 'reason': 'The repository implements a specific application of a Multi-Agent System leveraging LLMs for end-to-end multimodal ML automation, which fits the criteria for relevance.'}",True,"The repository implements a specific application of a Multi-Agent System leveraging LLMs for end-to-end multimodal ML automation, which fits the criteria for relevance."
mitmedialab/MDAgents,213,30,Python,Official implementation for NeurIPS'24 paper: MDAgents: An Adaptive Collaboration of LLMs for Medical Decision-Making,,2025-12-10T12:26:30Z,,https://github.com/mitmedialab/MDAgents,1,"{'is_relevant': True, 'reason': 'The repository implements a specific application involving multiple interacting agents for medical decision-making, leveraging LLMs as described in the paper.'}",True,"The repository implements a specific application involving multiple interacting agents for medical decision-making, leveraging LLMs as described in the paper."
bernatsampera/event-deep-research,212,32,Python,AI Agent that researches the lives of historical figures and extracts events into structured JSON timelines using LangGraph multi-agent orchestration.,"ai-agent, context-engineering, deep-agent, langchain, langgraph, llm-orchestration",2025-12-11T17:29:12Z,MIT,https://github.com/bernatsampera/event-deep-research,2,"{'is_relevant': True, 'reason': 'The repository implements an AI agent specifically designed to research historical figures and extract events, which involves the interaction of multiple agents in a context that utilizes LLM orchestration.'}",True,"The repository implements an AI agent specifically designed to research historical figures and extract events, which involves the interaction of multiple agents in a context that utilizes LLM orchestration."
PurpleAILAB/Decepticon,210,38,Python,Autonomous Multi-Agent Based Red Team Testing Service,"agent, ai, cybersecurity, generative-ai, hacking, langchain, langgraph, llm, pentest, pentesting",2025-12-11T13:46:49Z,Apache-2.0,https://github.com/PurpleAILAB/Decepticon,3,"{'is_relevant': True, 'reason': 'The repository implements an Autonomous Multi-Agent Based Red Team Testing Service, indicating it involves multiple interacting agents within a specific application context, aligning with the criteria for relevance.'}",True,"The repository implements an Autonomous Multi-Agent Based Red Team Testing Service, indicating it involves multiple interacting agents within a specific application context, aligning with the criteria for relevance."
Agentfy-io/Agentfy,208,41,Python,"ü§ñ Agentfy is a modular microservices architecture designed to process user requests and execute workflows across multiple social media platforms.  ASK ONCE, LET THE AGENT DO THE REST!","ai-agents, ai-tools, model-context-protocol, multi-agent-systems, openai, prompt-engineering-tool, python, social-media-app, social-media-automation, tikhub, workflow-automation",2025-12-09T01:07:35Z,Apache-2.0,https://github.com/Agentfy-io/Agentfy,3,"{'is_relevant': True, 'reason': 'The repository implements a modular microservices architecture designed specifically for processing user requests and executing workflows across multiple social media platforms with the involvement of interacting agents, indicating it uses multiple agents rather than just being a framework or tool for building MAS.'}",True,"The repository implements a modular microservices architecture designed specifically for processing user requests and executing workflows across multiple social media platforms with the involvement of interacting agents, indicating it uses multiple agents rather than just being a framework or tool for building MAS."
ulab-uiuc/MARBLE,193,21,Python,(ACL 2025 Main) Code for  MultiAgentBench : Evaluating the Collaboration and Competition of LLM agents https://www.arxiv.org/pdf/2503.01935,,2025-12-10T04:51:21Z,MIT,https://github.com/ulab-uiuc/MARBLE,2,"{'is_relevant': True, 'reason': 'The repository implements a multi-agent benchmark specifically for evaluating the collaboration and competition dynamics among LLM agents, which aligns with the criteria for including projects that utilize multiple interacting agents.'}",True,"The repository implements a multi-agent benchmark specifically for evaluating the collaboration and competition dynamics among LLM agents, which aligns with the criteria for including projects that utilize multiple interacting agents."
disler/big-3-super-agent,189,76,Python,Gemini 2.5 Computer Use + OpenAI Realtime API + Claude Code Multi-Agent Experiment,,2025-12-10T11:24:55Z,,https://github.com/disler/big-3-super-agent,1,"{'is_relevant': True, 'reason': 'The repository implements a multi-agent experiment using Gemini 2.5 and OpenAI Realtime API, indicating the application of multiple interacting agents.'}",True,"The repository implements a multi-agent experiment using Gemini 2.5 and OpenAI Realtime API, indicating the application of multiple interacting agents."
MinimalFuture/AgentMesh,182,30,Python,"A Multi-Agent platform that enables AI agents to collaborate effectively, helping you build powerful agent teams for solving complex tasks.","agent, agent-collaboration, agentmesh, llm, multi-agent",2025-12-11T13:17:32Z,Apache-2.0,https://github.com/MinimalFuture/AgentMesh,2,"{'is_relevant': True, 'reason': 'The repository implements a Multi-Agent System (MAS) enabling AI agents to collaborate effectively, which aligns with the criteria for relevance.'}",True,"The repository implements a Multi-Agent System (MAS) enabling AI agents to collaborate effectively, which aligns with the criteria for relevance."
omni-georgio/deep_research-,174,20,Python,A multi-agent AI research system designed to know what it knows (and doesn't know) when conducting research and creating content.,,2025-11-26T06:45:06Z,,https://github.com/omni-georgio/deep_research-,2,"{'is_relevant': True, 'reason': 'The repository implements a multi-agent AI research system that involves multiple interacting agents, fulfilling the criteria for relevance by focusing on a specific application of multi-agent systems in research and content creation.'}",True,"The repository implements a multi-agent AI research system that involves multiple interacting agents, fulfilling the criteria for relevance by focusing on a specific application of multi-agent systems in research and content creation."
SMARTlab-Purdue/SMART-LLM,172,34,Python,Code repository for SMART-LLM: Smart Multi-Agent Robot Task Planning using Large Language Models,,2025-12-10T13:28:57Z,,https://github.com/SMARTlab-Purdue/SMART-LLM,1,"{'is_relevant': True, 'reason': 'The repository implements a specific application of multi-agent robot task planning using Large Language Models, which aligns with the criteria for relevance.'}",True,"The repository implements a specific application of multi-agent robot task planning using Large Language Models, which aligns with the criteria for relevance."
oceanbase/powermem,172,21,Python,"PowerMem: Your AI-Powered Long-Term Memory ‚Äî Accurate, Agile, Affordable. ","agentic, agents, ai, ai-agents, ai-companion, chatbot, context-engineering, databases, llm, llms, long-term-memory, memory, multi-agent, vector",2025-12-11T12:53:48Z,NOASSERTION,https://github.com/oceanbase/powermem,2,"{'is_relevant': True, 'reason': 'The repository implements a specific application involving multiple agents in the context of long-term memory and AI interactions, aligning with the use of multi-agent systems leveraging LLMs.'}",True,"The repository implements a specific application involving multiple agents in the context of long-term memory and AI interactions, aligning with the use of multi-agent systems leveraging LLMs."
spiral-rl/spiral,165,19,Python,SPIRAL: Self-Play on Zero-Sum Games Incentivizes Reasoning via Multi-Agent Multi-Turn Reinforcement Learning,"large-language-models, multi-agent-reinforcement-learning, reinforcement-learning, self-play",2025-12-09T06:11:46Z,MIT,https://github.com/spiral-rl/spiral,1,"{'is_relevant': True, 'reason': 'The repository implements a multi-agent system using reinforcement learning in the context of zero-sum games, indicating a specific application involving multiple interacting agents.'}",True,"The repository implements a multi-agent system using reinforcement learning in the context of zero-sum games, indicating a specific application involving multiple interacting agents."
Terry-cyx/MetaOpenFOAM,159,20,Jupyter Notebook,MetaOpenFOAM: an LLM-based multi-agent framework for CFD,,2025-12-01T07:31:56Z,GPL-3.0,https://github.com/Terry-cyx/MetaOpenFOAM,1,"{'is_relevant': True, 'reason': 'The repository implements a multi-agent framework specifically designed for computational fluid dynamics (CFD), utilizing LLMs to facilitate interactions among multiple agents.'}",True,"The repository implements a multi-agent framework specifically designed for computational fluid dynamics (CFD), utilizing LLMs to facilitate interactions among multiple agents."
disler/indydevtools,156,26,Python,"An opinionated, Agentic Engineering toolbox powered by LLM Agents to solve problems autonomously.","agentic, agents, indydevtools, llm, multi-agent",2025-12-11T09:24:51Z,,https://github.com/disler/indydevtools,2,"{'is_relevant': True, 'reason': 'The repository implements a toolbox that leverages LLM Agents to autonomously solve problems, indicating the presence of multiple interacting agents in a specific application context.'}",True,"The repository implements a toolbox that leverages LLM Agents to autonomously solve problems, indicating the presence of multiple interacting agents in a specific application context."
muratcankoylan/readwren,151,17,Python,An adaptive multi-agent system that extracts your literary DNA through conversation and generates actionable reading profiles.,"ai, kimi-k2, langchain, langgraph, llm, moonshot, redis",2025-12-11T12:51:21Z,MIT,https://github.com/muratcankoylan/readwren,2,"{'is_relevant': True, 'reason': 'The repository implements an adaptive multi-agent system that interacts through conversation, leveraging LLMs to generate actionable reading profiles, which aligns with the criteria for relevance.'}",True,"The repository implements an adaptive multi-agent system that interacts through conversation, leveraging LLMs to generate actionable reading profiles, which aligns with the criteria for relevance."
flash131307/multi-agent-investment,146,17,Python,"An AI-powered multi-agent platform for automated investment research ‚Äî combining LLM reasoning, RAG retrieval, and real-time market data to generate smart financial insights and dynamic reports.","agent, agentic-ai, financial-analysis, investment, llm, multi-agent, rag, stock-analysis",2025-12-10T08:44:04Z,MIT,https://github.com/flash131307/multi-agent-investment,2,"{'is_relevant': True, 'reason': 'The repository implements a multi-agent platform combining LLM reasoning and financial analysis, making it relevant as it involves multiple interacting agents focused on investment research.'}",True,"The repository implements a multi-agent platform combining LLM reasoning and financial analysis, making it relevant as it involves multiple interacting agents focused on investment research."
zjunlp/OneKE,146,16,HTML,[WWW 2025] A Dockerized Schema-Guided LLM Agent-based Knowledge Extraction System.,"agent, agents, artificial-intelligence, event-extraction, information-extraction, knowledge-extraction, knowledge-graph, large-language-models, multi-agent, named-entity-recognition, natural-language-processing, ner, oneke, openie, relation-extraction, schema",2025-12-11T10:59:55Z,MIT,https://github.com/zjunlp/OneKE,2,"{'is_relevant': True, 'reason': 'The repository implements a knowledge extraction system using a Multi-Agent approach leveraging LLMs, indicating specific applications involving multiple interacting agents.'}",True,"The repository implements a knowledge extraction system using a Multi-Agent approach leveraging LLMs, indicating specific applications involving multiple interacting agents."
NKAI-Decision-Team/LLM-PySC2,143,14,Python,LLM-PySC2 is NKAI Decision Team and NUDT Decision Team's Python component of the StarCraft II LLM Decision Environment. It exposes Deepmind's PySC2 Learning Environment API as a Python LLM Environment,"environment, llm, llm-agent, llm-pysc2, multi-agent, pysc2, smac, starcraft2",2025-12-03T22:24:19Z,Apache-2.0,https://github.com/NKAI-Decision-Team/LLM-PySC2,2,"{'is_relevant': True, 'reason': 'The repository implements the Python component of the StarCraft II LLM Decision Environment, which showcases a multi-agent setup by utilizing LLMs to interact within the PySC2 environment.'}",True,"The repository implements the Python component of the StarCraft II LLM Decision Environment, which showcases a multi-agent setup by utilizing LLMs to interact within the PySC2 environment."
Azure-Samples/agent-openai-java-banking-assistant,136,86,Java,Multi-agent banking assistant with Java and Langchain4j,"agent, ai-azd-templates, azd-templates, azure, gpt-4o, gpt-4o-mini, java, openai",2025-12-11T09:38:24Z,MIT,https://github.com/Azure-Samples/agent-openai-java-banking-assistant,1,"{'is_relevant': True, 'reason': 'The repository implements a Multi-Agent System (MAS) specifically for a banking assistant using Java and Langchain4j, fitting the criteria for relevant implementations involving multiple interacting agents.'}",True,"The repository implements a Multi-Agent System (MAS) specifically for a banking assistant using Java and Langchain4j, fitting the criteria for relevant implementations involving multiple interacting agents."
FareedKhan-dev/best-llm-finder-pipeline,125,23,Jupyter Notebook,"Agentic RAG, Multi-Agent Systems, and Vision Reasoning are three pipelines to find the perfect LLM","artificial-intelligence, huggingface, llm, multi-agent-systems, openai, pipeline, rag, vision",2025-12-08T10:16:15Z,MIT,https://github.com/FareedKhan-dev/best-llm-finder-pipeline,1,"{'is_relevant': True, 'reason': 'The repository implements a Multi-Agent System that uses LLMs to create agents capable of working together in a specific application context, which aligns with the criteria for relevance.'}",True,"The repository implements a Multi-Agent System that uses LLMs to create agents capable of working together in a specific application context, which aligns with the criteria for relevance."
NYU-LLM-CTF/nyuctf_agents,110,27,Python,The D-CIPHER and NYU CTF baseline LLM Agents built for NYU CTF Bench,"agentic-ai, agents, capture-the-flag, ctf, cybersecurity, llm, llmagents",2025-12-09T19:14:27Z,MIT,https://github.com/NYU-LLM-CTF/nyuctf_agents,1,"{'is_relevant': True, 'reason': 'The repository implements D-CIPHER and NYU CTF baseline LLM Agents for the NYU CTF Bench, indicating a specific application using multiple interacting agents in the context of cybersecurity and capture-the-flag events.'}",True,"The repository implements D-CIPHER and NYU CTF baseline LLM Agents for the NYU CTF Bench, indicating a specific application using multiple interacting agents in the context of cybersecurity and capture-the-flag events."
masaic-ai-platform/AgC,106,9,Kotlin,"AgC is the open-core platform that powers Open Agentic Compute ‚Äî a new compute substrate purpose-built for deploying, running, and orchestrating AI agents at scale.","agent-orchestration, ai-agents, ai-platform, ai-services, deepseek, gemini, groq, llm, local-ai, multi-agent-systems, observability, ollama, open-source, openai, orchestration, rag",2025-12-06T02:36:01Z,Apache-2.0,https://github.com/masaic-ai-platform/AgC,1,"{'is_relevant': True, 'reason': 'The repository implements a multi-agent system that specifically orchestrates and deploys AI agents, which aligns with the criteria for relevance.'}",True,"The repository implements a multi-agent system that specifically orchestrates and deploys AI agents, which aligns with the criteria for relevance."
wzf2000/MACRec,102,9,Python,"Source codes for paper ""MACRec: A Multi-Agent Collaboration Framework for Recommendation"" at SIGIR 2024","llms, multi-agent-systems, recommender-system",2025-12-10T03:53:51Z,,https://github.com/wzf2000/MACRec,1,"{'is_relevant': True, 'reason': 'The repository implements a multi-agent collaboration framework specifically designed for recommendations, indicating the use of multiple interacting agents leveraging LLMs in a specific application context.'}",True,"The repository implements a multi-agent collaboration framework specifically designed for recommendations, indicating the use of multiple interacting agents leveraging LLMs in a specific application context."
FastMAS/KVCOMM,101,11,Python,[NeurIPS'25] KVCOMM: Online Cross-context KV-cache Communication for Efficient LLM-based Multi-agent Systems,"kv-cache, multi-agent-systems, neurips-2025",2025-12-10T08:51:50Z,,https://github.com/FastMAS/KVCOMM,1,"{'is_relevant': True, 'reason': 'The repository implements a specific application related to Online Cross-context KV-cache Communication for efficient LLM-based multi-agent systems, indicating a focus on multi-agent interactions.'}",True,"The repository implements a specific application related to Online Cross-context KV-cache Communication for efficient LLM-based multi-agent systems, indicating a focus on multi-agent interactions."
