repo_name,agent_name,role_description,context,tool_definitions,input,actions,security_disclaimer,constraints_restrictions,task_description_workflow,in_context_examples,output,external_information,placeholder,extra_codes
Deluxer_oliva,ASSISTANT_SYSTEM - Main AI Assistant Role,1,0,0,0,1,0,1,0,0,0,0,0,
Deluxer_oliva,GRADE_DOCUMENTS_PROMPT - Document Relevance Grader (Primary Version),1,0,0,1,0,0,1,1,0,1,0,1,
Deluxer_oliva,GRADE_DOCUMENTS_PROMPT_OPT_2 - Document Relevance Grader (Alternative Version),1,0,0,1,0,0,0,1,1,1,0,1,
Deluxer_oliva,BLOG_SEARCH_PROMPT - Blog Search Assistant,1,0,1,0,1,0,0,0,0,0,0,0,
Deluxer_oliva,AMAZON_SEARCH_PROMPT - Product Search Assistant,1,0,1,0,1,0,1,0,0,0,0,0,
Deluxer_oliva,NO_RESULTS_PROMPT - No Results Response Generator,1,0,0,1,0,0,0,1,0,1,0,1,
Deluxer_oliva,AGENT_PROMPT_BY_SUPERLINKED - Product Search Agent (Superlinked Version),1,0,1,0,1,0,0,0,0,0,0,0,
Deluxer_oliva,AGENT_PROMPT_BY_JSON - Product Search Agent (JSON Version),1,0,1,0,1,0,0,0,0,0,0,0,
Deluxer_oliva,SUPERVISOR_SYSTEM_PROMPT - Supervisor Agent (Dynamic Generation),1,1,0,0,1,0,1,1,0,1,0,1,
FinStep-AI_ContestTrade,RESEARCH PLAN GENERATOR - Task Planning,0,1,1,1,1,0,1,1,0,1,1,1,
FinStep-AI_ContestTrade,RESEARCH TOOL SELECTOR - Tool Selection & Execution,0,1,1,1,1,0,1,1,0,1,1,1,"tool_development_guidance: Explicit instructions and criteria for proposing new tool development if current tools are insufficient, including examples of possible new tools."
FinStep-AI_ContestTrade,RESEARCH RESULT WRITER - Result Compilation & Synthesis,0,1,1,1,1,0,1,1,0,1,1,1,
FinStep-AI_ContestTrade,DATA ANALYSIS SUMMARY DOCUMENT - Financial Document Summarization,0,1,0,1,1,0,1,1,0,1,1,1,
FinStep-AI_ContestTrade,DATA ANALYSIS FILTER DOCUMENT - Document Selection & Filtering,0,1,0,1,1,0,1,1,0,1,1,1,
FinStep-AI_ContestTrade,DATA ANALYSIS MERGE SUMMARY - Multi-Document Summary Consolidation,0,1,0,1,1,0,1,1,0,1,1,1,
FinStep-AI_ContestTrade,RESEARCH INVESTMENT ANALYZER - Investment Opportunity Analysis,1,0,0,0,1,0,1,1,0,0,1,0,
FinStep-AI_ContestTrade,SYMBOL RETRIEVAL FORMAT - Stock/Asset Symbol Structure,0,0,0,0,0,0,0,0,0,1,0,1,
FinStep-AI_ContestTrade,RESEARCH INVESTMENT OUTPUT FORMAT - Signal Submission Structure,0,0,0,0,0,0,0,0,0,1,0,1,
HKUDS_AI-Trader,GENERAL STOCK TRADING AGENT - US Market (NASDAQ-100),1,0,0,1,1,0,1,1,0,1,0,1,
HKUDS_AI-Trader,CRYPTOCURRENCY TRADING AGENT - Digital Assets (Multi-Crypto Portfolio),1,0,0,1,1,0,1,1,0,1,0,1,
InternScience,CODER_PROMPT_AIDER - Aider-based Code Implementation Agent,1,0,0,1,1,0,1,1,1,0,0,1,
InternScience,CODER_PROMPT_OPENHANDS - OpenHands-based Code Implementation Agent,1,0,0,1,1,0,1,1,0,0,0,1,
InternScience,CODE_STRUCTURE_PROMPT - Code Structure Analysis Agent,1,0,0,1,0,0,0,1,0,0,0,1,
InternScience,DEBUG_PROMPT_WITH_STRUCTURE - Code Debugger Agent,1,1,0,1,1,0,1,1,0,0,0,1,
InternScience,NEXT_EXPERIMENT_PROMPT - Iterative Experiment Loop Agent,1,0,0,1,1,0,1,1,0,0,0,1,
KodyKendall_LlamaBot,RAILS_AGENT_PROMPT (Rails Engineer/Product Advisor),1,1,1,0,1,1,1,1,1,1,1,1,
KodyKendall_LlamaBot,RAILS_AI_BUILDER_AGENT_PROMPT (LangGraph Agent Architect),1,1,1,0,1,1,1,1,1,1,1,1,
KodyKendall_LlamaBot,RAILS_FRONTEND_STARTER_AGENT_PROMPT (Front-End Designer/Product Advisor),1,1,1,0,1,1,1,1,1,1,1,1,"design_vision_specification: A required, highly structured design vision section that specifies color palette, layout, component inventory, iconography, interaction/motion design, user flow, and emotional design goal. This is distinct from general task description or workflow, as it is a formal, user-facing design artifact.; mandatory_structured_completion_message: A required, user-facing message format (üß© Summary, ‚öôÔ∏è Key effects, üëã Next Steps) that must be used after any work session with changes. This is a unique, enforced output protocol not covered by standard output formatting."
KodyKendall_LlamaBot,RAILS_QA_SOFTWARE_ENGINEER_PROMPT (QA/Test Builder),1,1,1,0,1,1,1,1,1,1,1,1,"bug_fixing_protocol: A detailed, stepwise protocol for when and how to fix bugs revealed by tests, including rules for minimal changes, verification, and reporting. This is distinct from general workflow or constraints, as it governs a specific, conditional mode of operation."
KodyKendall_LlamaBot,USER_FEEDBACK_AGENT_PROMPT (Feedback/Requirements Brainstorming Partner),1,1,0,0,1,1,1,1,1,1,1,0,"workspace_structure_management: Explicit, detailed instructions for creating, organizing, and maintaining a requirements workspace folder/file structure, including file purposes and templates. This is distinct from general workflow, as it governs persistent document organization and not just agent actions.; shape_up_methodology_embedding: Embedding of the Shape Up methodology as a requirements management protocol, including translation of internal concepts to user-friendly language and explicit forbidden vocabulary. This is distinct from standard workflow as it is a meta-process for requirements shaping and communication."
LeapLabTHU_cooragent,COORDINATOR,1,0,0,0,1,0,1,1,1,1,0,0,
LeapLabTHU_cooragent,AGENT FACTORY,1,0,1,1,1,0,1,1,0,1,0,1,
LeapLabTHU_cooragent,AGENT FACTORY PLANNER,1,1,0,1,1,0,1,1,0,1,1,1,
LeapLabTHU_cooragent,PLANNER,1,1,0,1,1,0,1,1,0,1,1,1,
LeapLabTHU_cooragent,PUBLISHER,1,0,0,1,1,0,1,1,0,1,0,1,
LeapLabTHU_cooragent,RESEARCHER,1,0,1,1,1,0,1,1,0,1,0,1,
LeapLabTHU_cooragent,CODER,1,0,1,1,1,0,1,1,0,1,0,1,
LeapLabTHU_cooragent,BROWSER,1,0,1,1,1,0,1,1,1,0,0,1,
LeapLabTHU_cooragent,REPORTER,1,0,0,1,1,0,1,1,0,1,0,1,
LeapLabTHU_cooragent,AGENT POLISH,1,0,1,1,1,0,1,1,0,1,0,1,
LeapLabTHU_cooragent,FILE MANAGER,1,0,0,0,0,0,1,1,0,1,0,1,
LeapLabTHU_cooragent,HTML GENERATOR,1,0,1,1,1,0,1,1,0,0,0,1,
NL2Code_CodeR,EDITOR/PROGRAMMER - Autonomous code editor for issue resolution,1,0,1,1,1,0,1,1,1,1,0,1,
NL2Code_CodeR,FAULT_LOCALIZER/DEBUGGER - Issue analysis and fault localization,1,0,1,1,1,0,1,1,1,1,0,1,
NL2Code_CodeR,MANAGER - Team coordination and issue resolution planning,1,0,1,1,1,0,1,1,1,1,0,1,"plan_selection_guidance: Contains explicit rules and heuristics for selecting among predefined plans, distinct from general workflow or constraints."
NL2Code_CodeR,REPRODUCER - Bug reproduction and test case generation,1,0,1,1,1,0,1,1,1,1,0,1,
NL2Code_CodeR,VERIFIER/TESTER - Test execution and verification,1,0,1,1,1,0,1,1,1,1,0,1,
Polymarket_agents,MARKET ANALYST - Event Probability Forecasting,1,0,0,1,0,0,0,1,0,0,0,1,
Polymarket_agents,SENTIMENT ANALYZER - Political Media Sentiment Analysis,1,0,0,1,0,0,0,1,0,0,0,1,
Polymarket_agents,POLYMARKET LLM ASSISTANT - Market Information Helper (4 Parameters Version),1,1,0,1,0,0,0,1,0,1,0,1,
Polymarket_agents,POLYMARKET LLM ASSISTANT - Market Information Helper (2 Parameters Version),1,1,0,1,0,0,0,1,0,0,0,1,
Polymarket_agents,ROUTING - Question Router,1,0,0,1,1,0,0,0,0,0,0,1,
Polymarket_agents,MULTIQUERY - Multi-Perspective Question Generator,1,0,0,1,1,0,0,1,0,1,0,1,
Polymarket_agents,READ POLYMARKET - Prediction Market Analyst,1,0,0,0,0,0,0,0,0,0,0,0,
Polymarket_agents,POLYMARKET ANALYST API - Market Data Analyzer,1,0,0,1,0,0,0,1,0,0,0,0,
Polymarket_agents,FILTER EVENTS - Event Filtering for Profitability,1,0,0,1,1,0,0,1,0,0,0,0,
Polymarket_agents,FILTER MARKETS - Market Filtering for Profitability,1,0,0,1,1,0,0,1,0,0,0,0,
Polymarket_agents,SUPERFORECASTER - Event Probability Prediction Framework,1,1,0,1,0,0,0,1,0,1,0,1,
Polymarket_agents,ONE BEST TRADE - Elite Trader Strategy Framework,1,1,0,1,1,0,0,1,1,1,0,1,
Polymarket_agents,FORMAT PRICE EXTRACTION - Price Parsing Helper,0,0,0,1,1,0,1,1,1,1,0,0,
Polymarket_agents,FORMAT SIZE EXTRACTION - Size Parsing Helper,0,0,0,1,1,0,1,1,1,1,0,0,
Polymarket_agents,CREATE NEW MARKET - Market Generation Framework,0,1,0,1,1,0,1,1,1,1,1,1,
Polymarket_agents,SIMPLE AI TRADER - Basic Trading Decision Prompt,1,1,0,1,1,0,0,1,0,0,0,1,
SalesforceAIResearch_enterprise-deep-research,query_writer_instructions,1,1,1,1,1,0,1,1,1,1,1,1,
SalesforceAIResearch_enterprise-deep-research,summarizer_instructions,1,1,0,1,1,0,1,1,1,1,1,1,
SalesforceAIResearch_enterprise-deep-research,reflection_instructions,1,1,0,1,1,0,1,1,1,1,1,1,
SalesforceAIResearch_enterprise-deep-research,finalize_report_instructions,1,1,0,1,1,0,1,1,1,1,1,1,
SamuelSchmidgall_AgentLaboratory,PAPER REVIEWER AGENT - get_score() function,1,1,0,0,1,0,1,1,0,1,0,1,
SamuelSchmidgall_AgentLaboratory,BASE AGENT - inference() method,1,1,0,1,1,0,1,1,0,1,0,1,
SamuelSchmidgall_AgentLaboratory,PROFESSOR AGENT - role_description(),1,0,0,0,1,0,1,1,0,1,0,0,
SamuelSchmidgall_AgentLaboratory,POSTDOC AGENT - role_description(),1,0,0,0,1,0,1,1,0,1,0,0,
SamuelSchmidgall_AgentLaboratory,ML ENGINEER AGENT - role_description(),1,0,1,0,1,0,1,1,0,1,0,0,
SamuelSchmidgall_AgentLaboratory,SOFTWARE ENGINEER AGENT - role_description(),1,0,1,0,1,0,1,1,0,1,0,0,
SamuelSchmidgall_AgentLaboratory,PHD STUDENT AGENT - role_description(),1,1,1,0,1,0,1,1,0,1,0,1,
SamuelSchmidgall_AgentLaboratory,REVIEWS AGENT - inference() method,1,1,0,0,1,0,1,1,0,1,0,0,
SamuelSchmidgall_AgentLaboratory,ML ENGINEER SOLVER (MLESolver) - system_prompt() method,1,1,1,1,1,0,1,1,0,1,0,1,"reflection_prompts: Distinct prompts for agent self-reflection after errors or successful/unsuccessful code execution, guiding the agent to analyze and improve its own outputs."
SamuelSchmidgall_AgentLaboratory,ML SOLVER - Code Repair System Prompt (Replace mode),1,0,0,1,1,0,1,1,0,1,0,1,
SamuelSchmidgall_AgentLaboratory,ML SOLVER - Code Repair System Prompt (Edit mode),1,0,1,1,1,0,1,1,0,1,0,1,
SamuelSchmidgall_AgentLaboratory,REWARD MODEL - Scoring System Prompt,1,0,0,1,1,0,1,1,0,1,0,1,
SamuelSchmidgall_AgentLaboratory,PAPER SOLVER - system_prompt() method,1,1,1,1,1,0,1,1,0,1,0,1,"section_specific_prompts: Distinct prompts and tips for each paper section (Abstract, Introduction, etc.), guiding the agent's output structure and content for each part."
SamuelSchmidgall_AgentLaboratory,ARXIV SEARCH TOOL - Command Docstring,0,0,1,0,1,0,1,1,0,0,0,0,
SkyworkAI_DeepResearchAgent,GENERAL AGENT - Core tool-calling agent framework,1,0,1,1,1,0,1,1,1,1,0,1,"managed_agent_templates: Contains templates for managed agent task instructions, agent reports, and fallback handling, which are reusable prompt scaffolds for agent-to-agent communication."
SkyworkAI_DeepResearchAgent,BROWSER USE AGENT - Web browsing and interaction agent,1,0,1,1,1,0,1,1,1,1,0,1,
SkyworkAI_DeepResearchAgent,DEEP ANALYZER AGENT - File and data analysis agent,1,0,1,1,1,0,1,1,1,1,0,1,
SkyworkAI_DeepResearchAgent,DEEP RESEARCHER AGENT - Web research and archival agent,1,0,1,1,1,0,1,1,1,1,0,1,
SkyworkAI_DeepResearchAgent,PLANNING AGENT - Task planning and delegation agent,1,0,1,1,1,0,1,1,1,1,0,1,
TauricResearch_TradingAgents,FUNDAMENTALS ANALYST - Company Fundamental Analysis,1,0,1,1,1,0,1,1,0,1,1,1,
TauricResearch_TradingAgents,MARKET ANALYST - Technical Market Analysis,1,0,1,1,1,0,1,1,0,1,1,1,
TauricResearch_TradingAgents,NEWS ANALYST - Recent News and Trends Analysis,1,0,1,1,1,0,1,1,0,1,1,1,
TauricResearch_TradingAgents,SOCIAL MEDIA ANALYST - Social Media and Sentiment Analysis,1,0,1,1,1,0,1,1,0,1,1,1,
TauricResearch_TradingAgents,RESEARCH MANAGER - Portfolio Manager Decision Making,1,1,0,1,1,0,1,1,0,1,0,1,
TauricResearch_TradingAgents,RISK MANAGER - Risk Assessment and Adjusted Decision Making,1,1,0,1,1,0,1,1,0,1,0,1,
TauricResearch_TradingAgents,BEAR RESEARCHER - Bearish Investment Argument,1,1,0,1,1,0,1,1,0,1,0,1,
TauricResearch_TradingAgents,BULL RESEARCHER - Bullish Investment Argument,1,1,0,1,1,0,1,1,0,1,0,1,
TauricResearch_TradingAgents,RISKY DEBATOR (AGGRESSIVE) - High-Risk Strategy Advocacy,1,1,0,1,1,0,1,1,0,1,0,1,
TauricResearch_TradingAgents,SAFE DEBATOR (CONSERVATIVE) - Low-Risk Strategy Advocacy,1,1,0,1,1,0,1,1,0,1,0,1,
TauricResearch_TradingAgents,NEUTRAL DEBATOR - Balanced Risk Strategy Advocacy,1,1,0,1,1,0,1,1,0,1,0,1,
TauricResearch_TradingAgents,TRADER - Final Investment Decision Making,1,1,0,1,1,0,1,1,0,1,0,1,
Y-Research-SBU_QuantAgent,INDICATOR_AGENT - Technical Indicator Analysis,1,0,1,1,1,0,1,1,0,0,0,1,
Y-Research-SBU_QuantAgent,PATTERN_AGENT (Tool Generation Phase) - Candlestick Pattern Recognition (Image Generation),1,0,1,1,1,0,0,1,0,0,0,1,"message_chain_placeholder: Mentions use of MessagesPlaceholder for dynamic message chain, which is a system-specific runtime mechanism for chaining agent outputs."
Y-Research-SBU_QuantAgent,PATTERN_AGENT (Vision Analysis Phase) - Candlestick Pattern Recognition (Image Analysis),1,0,0,1,1,0,1,1,1,1,0,1,"pattern_reference_list: Provides a detailed, enumerated list of classic candlestick patterns as reference for the agent's analysis, functioning as a domain-specific knowledge base."
Y-Research-SBU_QuantAgent,TREND_AGENT (Tool Generation Phase) - Trend Analysis (Image Generation),1,0,1,1,1,0,1,1,0,0,0,1,
Y-Research-SBU_QuantAgent,TREND_AGENT (Vision Analysis Phase) - Trend Analysis (Image Analysis),1,0,0,1,1,0,1,1,0,1,0,1,"trendline_color_legend: Explicitly defines the meaning of chart colors (blue = support, red = resistance), which is a visual legend for the agent's reference."
Y-Research-SBU_QuantAgent,DECISION_AGENT - Final Trade Decision Making,1,1,0,1,1,0,1,1,0,1,1,1,"report_integration_guidance: Provides explicit instructions on how to integrate and weigh the outputs of three upstream agents (indicator, pattern, trend), which is a meta-orchestration policy."
assafelovic_gpt-researcher,EDITOR AGENT - Research Planning Prompt,1,0,0,1,0,0,1,1,0,1,1,1,
assafelovic_gpt-researcher,REVIEWER AGENT - Draft Review Prompt,1,1,0,1,1,0,1,1,0,1,0,1,
assafelovic_gpt-researcher,REVISOR AGENT - Draft Revision Prompt,1,1,0,1,1,0,1,1,0,1,0,1,
assafelovic_gpt-researcher,WRITER AGENT - Writing Sections Prompt,1,0,0,1,0,0,1,1,0,1,1,1,
assafelovic_gpt-researcher,WRITER AGENT - Revising Headers Prompt,1,0,0,1,0,0,1,1,0,1,0,1,
autogluon_autogluon-assistant,BASE PROMPT - Meta-Prompting Prompt,1,0,0,1,1,0,1,1,0,1,0,1,
autogluon_autogluon-assistant,BASH CODER PROMPT - Bash Script Generation,1,0,0,1,1,0,1,1,0,1,0,1,
autogluon_autogluon-assistant,CHAT PROMPT - Conversational Q&A,1,1,0,1,1,0,1,1,0,1,0,1,
autogluon_autogluon-assistant,DESCRIPTION FILE RETRIEVER PROMPT - File Identification,1,0,0,1,1,0,1,1,0,1,0,1,
autogluon_autogluon-assistant,ERROR ANALYZER PROMPT - Error Analysis,1,0,0,1,1,0,1,1,0,1,0,1,
autogluon_autogluon-assistant,EXECUTER PROMPT - Code Execution Evaluation,1,0,0,1,1,0,1,1,0,1,0,1,
autogluon_autogluon-assistant,PYTHON CODER PROMPT - Python Code Generation,1,1,1,1,1,0,1,1,0,1,0,1,
autogluon_autogluon-assistant,PYTHON READER PROMPT - File Reading and Analysis,1,0,0,1,1,0,1,1,0,1,0,1,
autogluon_autogluon-assistant,RERANKER PROMPT - Tutorial Selection,1,0,0,1,1,0,1,1,0,1,0,1,
autogluon_autogluon-assistant,RETRIEVER PROMPT - Search Query Generation,1,0,0,1,1,0,1,1,0,1,0,1,
autogluon_autogluon-assistant,TASK DESCRIPTOR PROMPT - Task Description Generation,1,0,0,1,1,0,1,1,0,1,0,1,
autogluon_autogluon-assistant,TOOL SELECTOR PROMPT - ML Library Selection,1,0,1,1,1,0,1,1,0,1,0,1,
business-science_ai-data-science-team,DATA_CLEANING_AGENT - Recommend Data Cleaning Steps,1,1,0,1,1,0,1,1,0,1,0,1,
business-science_ai-data-science-team,DATA_CLEANING_AGENT - Create Data Cleaner Code,1,1,1,1,1,0,1,1,0,1,0,1,
business-science_ai-data-science-team,DATA_CLEANING_AGENT - Fix Data Cleaner Code,1,0,0,1,1,0,1,1,0,1,0,1,
business-science_ai-data-science-team,DATA_WRANGLING_AGENT - Recommend Wrangling Steps,1,1,0,1,1,0,1,1,0,1,0,1,
business-science_ai-data-science-team,DATA_WRANGLING_AGENT - Create Data Wrangler Code,1,1,1,1,1,0,1,1,0,1,0,1,
business-science_ai-data-science-team,DATA_WRANGLING_AGENT - Fix Data Wrangler Code,1,0,0,1,1,0,1,1,0,1,0,1,
business-science_ai-data-science-team,FEATURE_ENGINEERING_AGENT - Recommend Feature Engineering Steps,1,1,0,1,1,0,1,1,0,1,0,1,
business-science_ai-data-science-team,FEATURE_ENGINEERING_AGENT - Create Feature Engineering Code,1,1,1,1,1,0,1,1,0,1,0,1,
business-science_ai-data-science-team,FEATURE_ENGINEERING_AGENT - Fix Feature Engineering Code,1,0,0,1,1,0,1,1,0,1,0,1,
business-science_ai-data-science-team,DATA_VISUALIZATION_AGENT - Create Chart Generator Instructions,1,1,0,1,1,0,1,1,0,1,0,1,
business-science_ai-data-science-team,DATA_VISUALIZATION_AGENT - Create Data Visualization Code,1,1,1,1,1,0,1,1,0,1,0,1,
business-science_ai-data-science-team,DATA_VISUALIZATION_AGENT - Fix Data Visualization Code,1,0,0,1,1,0,1,1,0,1,0,1,
business-science_ai-data-science-team,SQL_DATABASE_AGENT - Recommend SQL Steps,1,1,0,1,1,0,1,1,0,1,0,1,
business-science_ai-data-science-team,SQL_DATABASE_AGENT - Create SQL Query Code,1,1,0,1,1,0,1,1,0,1,0,1,
business-science_ai-data-science-team,SQL_DATABASE_AGENT - Fix SQL Database Code,1,0,0,1,1,0,1,1,0,1,0,1,
business-science_ai-data-science-team,SQL_DATABASE_AGENT - Smart Schema Filter,1,1,0,1,1,0,1,1,0,1,0,1,
business-science_ai-data-science-team,H2O_ML_AGENT - Recommend ML Steps,1,1,0,1,1,0,1,1,0,1,1,1,
business-science_ai-data-science-team,H2O_ML_AGENT - Create H2O AutoML Code,1,1,1,1,1,0,1,1,1,1,1,1,
business-science_ai-data-science-team,H2O_ML_AGENT - Fix H2O Code,1,0,0,1,1,0,1,1,0,1,0,1,
business-science_ai-data-science-team,WORKFLOW_PLANNER_AGENT - Plan Workflow,1,1,0,1,1,0,1,1,1,1,1,1,
business-science_ai-data-science-team,DATA_LOADER_AGENT - Run React Tool-Calling Agent,1,0,1,1,1,0,1,1,0,0,0,0,
business-science_ai-data-science-team,EDA_TOOLS_AGENT - Run React Tool-Calling Agent,1,0,1,1,1,0,1,1,0,0,0,0,
business-science_ai-data-science-team,MLFLOW_TOOLS_AGENT - Prepare Messages (System Hint),1,0,1,1,1,0,1,1,0,0,1,0,
business-science_ai-data-science-team,SUPERVISOR_DS_TEAM - Supervisor Router,1,1,1,1,1,0,1,1,1,1,1,1,
business-science_ai-data-science-team,PANDAS_DATA_ANALYST - Routing Preprocessor,1,0,0,1,1,0,1,1,0,1,0,1,
business-science_ai-data-science-team,SQL_DATA_ANALYST - Routing Preprocessor,1,0,0,1,1,0,1,1,0,1,0,1,
dair-ai_m2-deep-research,PLANNING AGENT - Query Decomposition,1,0,0,1,1,0,1,1,0,1,0,1,
dair-ai_m2-deep-research,SUPERVISOR AGENT - Research Coordination,1,0,1,1,1,0,1,1,1,1,0,1,
dair-ai_m2-deep-research,WEB SEARCH RETRIEVER AGENT - Search Synthesis,1,1,0,1,1,0,1,1,0,1,0,1,
danau5tin_multi-agent-coding-sytem,CODER AGENT - Implementation Specialist,1,1,1,1,1,0,1,1,1,1,1,1,"knowledge_artifacts_concept: Explicit conceptualization of 'contexts' as persistent, atomic, and valuable knowledge artifacts to guide future agents, with detailed instructions on their creation and use."
danau5tin_multi-agent-coding-sytem,EXPLORER SUBAGENT - Investigative Analysis Specialist,1,1,1,1,1,0,1,1,1,1,1,1,"knowledge_artifacts_concept: Explicit conceptualization of 'contexts' as persistent, atomic, and valuable knowledge artifacts to guide future agents, with detailed instructions on their creation and use."
danau5tin_multi-agent-coding-sytem,ORCHESTRATOR AGENT (Orca) - Task Orchestration & Coordination,1,1,1,1,1,0,1,1,0,1,1,1,"reasoning_action_mechanism: Explicit mechanism for the agent to output its reasoning as a structured action (<reasoning>...</reasoning>), distinct from task or workflow instructions."
divar-ir_ai-doc-gen,MARKDOWN GENERATOR - AI Assistant Configuration Generation,1,1,0,1,1,0,1,1,0,1,0,1,
divar-ir_ai-doc-gen,CURSOR RULES GENERATOR - Cursor IDE Configuration Generation,1,1,0,1,1,0,1,1,1,1,0,1,
divar-ir_ai-doc-gen,STRUCTURE ANALYZER - Code Architecture Analysis,1,0,0,1,0,0,1,1,0,1,0,1,
divar-ir_ai-doc-gen,DATA FLOW ANALYZER - Data Movement and Transformation Analysis,1,0,0,1,0,0,1,1,0,1,0,1,
divar-ir_ai-doc-gen,DEPENDENCY ANALYZER - Dependency and Integration Mapping,1,0,0,1,0,0,1,1,0,1,0,1,
divar-ir_ai-doc-gen,REQUEST FLOW ANALYZER - Request Pathway Tracing,1,0,0,1,0,0,1,1,0,1,0,1,
divar-ir_ai-doc-gen,API ANALYZER - API Documentation and Analysis,1,0,0,1,0,0,1,1,0,1,0,1,
divar-ir_ai-doc-gen,CODE DOCUMENTER - Technical Documentation Generation,1,1,0,1,0,0,1,1,0,1,0,1,
facebookresearch_DocAgent,READER AGENT,1,1,1,1,1,0,1,1,0,1,0,1,
facebookresearch_DocAgent,WRITER AGENT,1,1,0,1,1,0,1,1,0,1,0,1,"conditional_prompt_sections: Distinct prompt segments are conditionally appended based on whether the code component is a class or function/method, each with their own required/optional docstring sections and guidelines."
facebookresearch_DocAgent,VERIFIER AGENT,1,1,0,1,1,0,1,1,0,1,0,1,
jmiao24_Paper2Agent,STEP 1: ENVIRONMENT SETUP & TUTORIAL DISCOVERY COORDINATOR,1,0,1,1,1,0,1,1,0,1,0,1,
jmiao24_Paper2Agent,STEP 2: TUTORIAL EXECUTION COORDINATOR,1,0,1,1,1,0,1,1,0,1,0,1,
jmiao24_Paper2Agent,STEP 3: TOOL EXTRACTION & TESTING COORDINATOR,1,0,1,1,1,0,1,1,0,1,0,1,
jmiao24_Paper2Agent,STEP 4: MCP INTEGRATION IMPLEMENTOR,1,0,1,1,1,0,1,1,0,1,0,1,
jmiao24_Paper2Agent,STEP 5: CODE QUALITY & COVERAGE ANALYSIS COORDINATOR,1,0,1,1,1,0,1,1,0,1,0,1,
moondevonyt_moon-dev-ai-agents,BACKTEST_RUNNER,0,0,0,0,0,0,0,0,0,0,0,0,
moondevonyt_moon-dev-ai-agents,CHARTANALYSIS_AGENT,0,0,0,1,1,0,1,1,0,1,0,1,
moondevonyt_moon-dev-ai-agents,CHAT_AGENT,0,0,0,0,0,0,0,0,0,0,0,0,
moondevonyt_moon-dev-ai-agents,CHAT_QUESTION_GENERATOR,1,0,0,1,1,0,1,1,1,1,0,1,
moondevonyt_moon-dev-ai-agents,COINGECKO_AGENT - Agent One (Technical Analysis Expert),1,0,0,0,1,0,1,1,0,0,0,0,
moondevonyt_moon-dev-ai-agents,COINGECKO_AGENT - Agent Two (Fundamental Analysis Expert),1,0,0,0,1,0,1,1,0,0,0,0,
moondevonyt_moon-dev-ai-agents,COINGECKO_AGENT - Token Extractor Agent,1,0,0,0,1,0,1,1,0,1,0,0,
moondevonyt_moon-dev-ai-agents,COINGECKO_AGENT - Round Synopsis Agent,1,0,0,0,1,0,1,1,0,1,0,0,
moondevonyt_moon-dev-ai-agents,COMPLIANCE_AGENT,1,0,0,1,1,1,1,1,0,1,0,0,
moondevonyt_moon-dev-ai-agents,COPYBOT_AGENT,1,0,0,1,1,0,1,1,0,1,0,1,
moondevonyt_moon-dev-ai-agents,FUNDING_ARBITRAGE_AGENT,1,0,0,1,1,0,1,1,1,1,0,1,
moondevonyt_moon-dev-ai-agents,LIQUIDATION_AGENT,0,0,0,1,1,0,1,1,0,1,0,1,
moondevonyt_moon-dev-ai-agents,LISTINGARB_AGENT - Technical Analysis Agent,1,0,0,0,1,0,1,1,0,1,0,0,
moondevonyt_moon-dev-ai-agents,LISTINGARB_AGENT - Fundamental Analysis Agent,1,0,0,0,1,0,1,1,0,1,0,0,
moondevonyt_moon-dev-ai-agents,NEW_OR_TOP_AGENT,1,0,0,1,1,0,1,1,0,1,0,1,
moondevonyt_moon-dev-ai-agents,POLYMARKET_AGENT - Market Analysis System Prompt,1,0,0,0,1,0,1,1,1,1,0,0,
moondevonyt_moon-dev-ai-agents,POLYMARKET_AGENT - Consensus AI Prompt Template,1,0,0,1,1,0,1,1,1,1,0,1,
moondevonyt_moon-dev-ai-agents,FOCUS_AGENT,1,0,0,1,1,0,1,1,1,1,0,1,
moondevonyt_moon-dev-ai-agents,HOUSECOIN_AGENT,0,0,0,1,1,0,1,1,0,1,0,1,
moondevonyt_moon-dev-ai-agents,PHONE_AGENT,1,0,1,0,1,0,1,1,0,1,0,1,
moondevonyt_moon-dev-ai-agents,CLIPS_AGENT,0,0,0,1,1,0,1,1,0,1,0,1,
moondevonyt_moon-dev-ai-agents,CODE_RUNNER_AGENT,0,0,0,0,0,0,0,0,0,0,0,0,
moondevonyt_moon-dev-ai-agents,GIVEAWAY_AGENT,0,0,0,0,0,0,0,0,0,0,0,0,
moondevonyt_moon-dev-ai-agents,MILLION_AGENT,1,0,0,1,1,0,1,1,0,1,0,1,
multimodal-art-projection_AutoKaggle,BASE - AGENT ROLE TEMPLATE,1,0,0,0,0,0,0,0,0,0,0,1,
multimodal-art-projection_AutoKaggle,BASE - PHASES IN CONTEXT PREFIX,0,1,0,0,0,0,0,0,0,0,0,1,
multimodal-art-projection_AutoKaggle,BASE - EXPERIENCE WITH SUGGESTION,0,0,0,1,0,0,0,0,0,1,0,1,
multimodal-art-projection_AutoKaggle,BASE - FEATURE INFO,0,1,0,0,0,0,0,0,0,0,0,1,
multimodal-art-projection_AutoKaggle,BASE - EXTRACT TOOLS,0,0,1,1,0,0,1,1,0,1,0,1,
multimodal-art-projection_AutoKaggle,BASE - REORGANIZE EXTRACT TOOLS,0,0,0,1,0,0,0,1,0,1,0,1,
multimodal-art-projection_AutoKaggle,BASE - REORGANIZE JSON,0,0,0,1,0,0,0,1,0,1,0,1,
multimodal-art-projection_AutoKaggle,BASE - DATA PREVIEW,0,0,0,1,1,0,1,1,0,1,0,1,
multimodal-art-projection_AutoKaggle,DEVELOPER - CODE PREFIX,0,0,1,0,0,0,0,0,0,0,0,0,code_initialization: Contains code setup and import statements to prepare the environment for downstream code execution.
multimodal-art-projection_AutoKaggle,DEVELOPER - TASK,1,0,0,0,1,0,1,1,0,0,0,0,
multimodal-art-projection_AutoKaggle,DEVELOPER - AVAILABLE TOOLS,0,0,1,1,1,0,1,0,1,0,0,1,
multimodal-art-projection_AutoKaggle,DEVELOPER - CONSTRAINTS,0,0,0,0,1,0,1,1,1,0,0,1,
multimodal-art-projection_AutoKaggle,DEVELOPER - MAIN PROMPT,0,1,0,1,1,0,1,1,0,1,0,1,
multimodal-art-projection_AutoKaggle,DEVELOPER - WITH EXPERIENCE ROUND 0-0,0,1,0,1,1,0,1,1,0,1,0,1,
multimodal-art-projection_AutoKaggle,DEVELOPER - WITH EXPERIENCE ROUND 0-2,0,0,0,0,1,0,0,1,0,1,0,0,
multimodal-art-projection_AutoKaggle,DEVELOPER - DEBUG LOCATE,0,1,0,1,1,0,1,1,0,1,0,1,
multimodal-art-projection_AutoKaggle,DEVELOPER - DEBUG ASK FOR HELP,0,0,0,1,1,0,1,1,0,1,0,1,
multimodal-art-projection_AutoKaggle,DEVELOPER - DEBUG FIX,0,1,0,1,1,0,1,1,0,1,0,1,
multimodal-art-projection_AutoKaggle,DEVELOPER - DEBUG MERGE,0,1,0,1,1,0,1,1,0,1,0,1,
multimodal-art-projection_AutoKaggle,DEVELOPER - TEST LOCATE,0,1,0,1,1,0,1,1,0,1,0,1,
multimodal-art-projection_AutoKaggle,DEVELOPER - TEST REORGANIZE LOCATE ANSWER,0,0,0,1,0,0,0,1,0,1,0,0,
multimodal-art-projection_AutoKaggle,DEVELOPER - TEST FIX,0,1,0,1,1,0,1,1,0,1,0,1,
multimodal-art-projection_AutoKaggle,DEVELOPER - TEST REORGANIZE FIX ANSWER,0,0,0,1,0,0,0,1,0,1,0,0,
multimodal-art-projection_AutoKaggle,DEVELOPER - TEST MERGE,0,1,0,1,1,0,1,1,0,1,0,1,
multimodal-art-projection_AutoKaggle,PLANNER - TASK,1,0,0,1,1,0,1,1,0,0,0,1,
multimodal-art-projection_AutoKaggle,PLANNER - TOOLS,0,0,1,1,1,0,0,0,1,0,0,1,
multimodal-art-projection_AutoKaggle,PLANNER - MAIN PROMPT,0,1,0,1,1,0,1,1,0,1,0,1,
multimodal-art-projection_AutoKaggle,PLANNER - REORGANIZE IN MARKDOWN,0,0,0,1,0,0,0,1,0,1,0,0,
multimodal-art-projection_AutoKaggle,PLANNER - REORGANIZE IN JSON,0,0,0,1,0,0,0,1,0,1,0,0,
multimodal-art-projection_AutoKaggle,READER - TASK,1,0,0,1,1,0,1,1,0,0,0,0,
multimodal-art-projection_AutoKaggle,READER - MAIN PROMPT,0,1,0,1,1,0,0,1,0,1,0,1,
multimodal-art-projection_AutoKaggle,READER - ROUND 2,0,0,0,1,0,0,0,1,0,1,0,0,
multimodal-art-projection_AutoKaggle,READER - WITH EXPERIENCE ROUND 0,0,1,0,1,1,0,1,1,0,1,0,1,
multimodal-art-projection_AutoKaggle,READER - WITH EXPERIENCE ROUND 2,0,0,0,0,1,0,0,1,0,1,0,0,
multimodal-art-projection_AutoKaggle,REVIEWER - ROUND 0,1,1,0,1,1,0,1,1,0,1,0,1,
multimodal-art-projection_AutoKaggle,REVIEWER - ROUND 1 EACH AGENT,0,0,0,1,0,0,0,0,0,0,0,1,
multimodal-art-projection_AutoKaggle,REVIEWER - ROUND 2,0,0,0,1,0,0,0,1,0,1,0,0,
multimodal-art-projection_AutoKaggle,SUMMARIZER - IMAGE CHOOSE,0,1,0,1,1,0,1,1,0,1,0,1,
multimodal-art-projection_AutoKaggle,SUMMARIZER - DESIGN QUESTIONS,0,1,0,1,1,0,1,1,1,1,0,1,
multimodal-art-projection_AutoKaggle,SUMMARIZER - REORGANIZE QUESTIONS,0,0,0,1,0,0,0,1,0,1,0,0,
multimodal-art-projection_AutoKaggle,SUMMARIZER - ANSWER QUESTIONS,0,1,0,1,1,0,1,1,0,1,0,1,
multimodal-art-projection_AutoKaggle,SUMMARIZER - INFORMATION FOR ANSWER,0,1,0,1,0,0,0,0,0,0,0,1,
multimodal-art-projection_AutoKaggle,SUMMARIZER - REORGANIZE ANSWERS,0,0,0,1,0,0,0,1,0,1,0,0,
multimodal-art-projection_AutoKaggle,SUMMARIZER - RESEARCH REPORT,1,0,0,1,1,0,1,1,0,1,0,0,
multimodal-art-projection_AutoKaggle,UNIT TEST - SUBMISSION VALIDITY,1,1,0,1,1,0,1,1,1,1,0,1,
omni-georgio_deep_research-,Content Research Planner Agent,1,0,0,1,1,0,1,1,0,1,0,1,
omni-georgio_deep_research-,Research Agent,1,1,1,1,1,0,1,1,0,0,0,0,
omni-georgio_deep_research-,Report Creator Agent,1,0,0,1,1,0,1,1,0,1,0,1,
omni-georgio_deep_research-,Report Quality Judge Agent,1,0,0,1,1,0,1,1,0,1,0,1,
qx-labs_agents-deep-research,KNOWLEDGE GAP AGENT - Research State Evaluator,1,1,0,1,1,0,1,1,0,1,1,1,
qx-labs_agents-deep-research,LONG WRITER AGENT - Report Section Writer,1,1,0,1,1,0,1,1,1,1,1,1,
qx-labs_agents-deep-research,PLANNER AGENT - Research Manager,1,0,0,1,1,0,1,1,1,1,1,1,
qx-labs_agents-deep-research,PROOFREADER AGENT - Report Proofreader and Editor,1,1,0,1,1,0,1,1,0,1,1,1,
qx-labs_agents-deep-research,THINKING AGENT - Research Reflector,1,1,0,1,1,0,1,1,0,1,1,1,
qx-labs_agents-deep-research,CRAWL AGENT - Website Crawling Agent,1,0,1,1,1,0,1,1,0,1,0,1,
qx-labs_agents-deep-research,SEARCH AGENT - Web Search Agent,1,0,1,1,1,0,1,1,0,1,0,1,
qx-labs_agents-deep-research,TOOL SELECTOR AGENT - Knowledge Gap Router,1,1,1,1,1,0,1,1,0,1,1,1,
qx-labs_agents-deep-research,WRITER AGENT - Report Generator,1,0,0,1,1,0,1,1,1,1,1,1,
showlab_MovieAgent,open-prompt-sys - Image Generation Model Evaluation with Prompt Design & VQA,1,1,0,1,1,0,1,1,1,1,0,1,
showlab_MovieAgent,open-plan-sys - Dynamic Model Boundary Exploration & Evaluation Planning,1,0,0,1,1,0,1,1,1,1,0,0,
showlab_MovieAgent,screenwriterCoT-sys1 - Sequential Sub-Script Generation with CoT,1,1,0,1,1,0,1,1,0,1,0,0,
showlab_MovieAgent,screenwriterCoT-sys - Complete Script Synopsis Breakdown with Chain-of-Thought,1,1,0,1,1,0,1,1,0,1,0,0,"internal_chain_of_thought: Explicit multi-step reasoning process required before output, with structured intermediate outputs."
showlab_MovieAgent,screenwriter-sys - Direct Script Synopsis Breakdown,1,0,0,1,1,0,1,1,0,1,0,0,
showlab_MovieAgent,scriptsupervisor-sys - Sub-Script Reasonableness Assessment,1,1,0,1,1,0,1,1,0,1,0,0,
showlab_MovieAgent,ScenePlanningCoT-sys - Scene Planning with Chain-of-Thought,1,1,0,1,1,0,1,1,0,1,0,0,"internal_chain_of_thought: Explicit multi-step reasoning process required before output, with structured intermediate outputs."
showlab_MovieAgent,ScenePlanning-sys - Direct Scene Planning,1,0,0,1,1,0,1,1,0,1,0,0,
showlab_MovieAgent,ShotPlotCreate-sys - Shot List Generation with Bounding Boxes,1,1,0,1,1,0,1,1,0,1,0,0,
showlab_MovieAgent,ShotPlotCreateCoT-sys - Shot List Generation with Full Chain-of-Thought,1,1,0,1,1,0,1,1,0,1,0,0,"internal_chain_of_thought: Explicit multi-step reasoning process required before output, with structured intermediate outputs."
zamalali_DeepGit,CHAT.PY - GitHub Search Optimization Expert,1,0,0,1,1,0,1,1,1,1,0,1,
zamalali_DeepGit,DECISION.PY - Minimal Resource-Efficient Filtering Agent,1,0,0,1,1,0,1,1,1,1,0,1,
zamalali_DeepGit,DEPENDENCY_ANALYSIS.PY - Hardware Compatibility Checker,0,0,0,1,0,0,0,1,0,1,0,1,
zamalali_DeepGit,EVALUATION.PY - Enhanced Query Generator,1,0,0,1,0,0,1,1,0,1,0,1,
zamalali_DeepGit,EVALUATION.PY - Justification Generator,1,0,0,1,0,0,1,1,0,1,1,1,
zamalali_DeepGit,TEST.PY - GitHub Search Optimization Expert (Simplified),1,0,0,1,1,0,1,1,1,1,0,1,
zamalali_DeepGit,PARSE_HARDWARE.PY - Hardware Constraint Extractor,0,1,0,1,0,0,1,1,0,1,0,1,
